Year,Transect.ID,Meters,Date,KBG,Smooth.Brome,Litter,Bare,Forb,Grasslike,Woody,Litter.Depth,Veg.Height,R1,R2,R3,R4,Treatment,Pasture,Patch,SubPatch
2021,97,0,7/29/2021,15,15,15,15,15,0,15,19,464,2,4,3,4,MTORG,NE,1,Heavy
2021,97,12.5,7/29/2021,3,15,63,0,15,0,3,34,327,3,5,2,2,MTORG,NE,1,Heavy
2021,97,25,7/29/2021,15,15,63,3,15,0,0,43,215,2,5,5,6,MTORG,NE,1,Heavy
2021,98,0,7/29/2021,15,0,63,0,15,15,0,14,244,6,2,3,2,MTORG,NE,1,Heavy
2021,98,12.5,7/29/2021,0,0,38,3,3,63,0,5,187,2,1,1,2,MTORG,NE,1,Heavy
2021,98,25,7/29/2021,3,0,38,3,3,63,0,8,205,2,2,2,2,MTORG,NE,1,Heavy
2021,99,0,7/29/2021,15,0,63,0,15,3,3,22,310,1,1,1,2,MTORG,NE,1,Heavy
2021,99,12.5,7/29/2021,15,0,63,15,3,0,15,50,408,3,5,5,2,MTORG,NE,1,Heavy
2021,99,25,7/29/2021,15,15,63,0,3,0,15,27,440,2,2,2,5,MTORG,NE,1,Heavy
2021,100,0,7/29/2021,15,15,63,0,3,0,15,40,588,5,6,3,4,MTORG,NE,2,Full
2021,100,12.5,7/29/2021,38,15,38,0,3,0,15,76,815,7,6,5,7,MTORG,NE,2,Full
2021,100,25,7/29/2021,15,3,63,0,15,0,15,62,491,7,2,10,8,MTORG,NE,2,Full
2021,101,0,7/29/2021,15,15,63,0,3,0,3,28,301,3,2,4,4,MTORG,NE,2,Full
2021,101,12.5,7/29/2021,15,0,63,0,3,0,15,51,423,2,4,3,3,MTORG,NE,2,Full
2021,101,25,7/29/2021,15,15,63,0,3,0,15,28,512,2,4,5,5,MTORG,NE,2,Full
2021,102,0,7/29/2021,15,3,63,0,15,0,15,31,458,5,2,5,5,MTORG,NE,2,Full
2021,102,12.5,7/29/2021,15,15,15,3,15,0,15,38,650,5,5,6,4,MTORG,NE,2,Full
2021,102,25,7/29/2021,15,15,63,0,3,0,15,24,462,4,5,2,5,MTORG,NE,2,Full
2021,103,0,7/29/2021,15,15,63,0,3,0,3,28,241,3,2,4,3,MTORG,NE,3,Moderate
2021,103,12.5,7/29/2021,15,15,15,0,15,0,15,54,458,4,4,3,4,MTORG,NE,3,Moderate
2021,103,25,7/29/2021,15,15,63,0,3,0,3,50,343,3,4,3,4,MTORG,NE,3,Moderate
2021,104,0,7/29/2021,15,0,85,0,3,0,3,24,235,5,1,2,2,MTORG,NE,3,Moderate
2021,104,12.5,7/29/2021,15,0,63,0,3,0,15,65,552,3,3,2,2,MTORG,NE,3,Moderate
2021,104,25,7/29/2021,15,15,63,0,3,0,0,56,509,2,2,2,2,MTORG,NE,3,Moderate
2021,105,0,7/29/2021,15,15,38,0,15,0,15,49,514,5,4,5,5,MTORG,NE,3,Moderate
2021,105,12.5,7/29/2021,15,3,85,0,3,0,3,46,450,4,5,6,2,MTORG,NE,3,Moderate
2021,105,25,7/29/2021,3,0,85,0,15,0,3,68,415,2,3,2,2,MTORG,NE,3,Moderate
2021,106,0,7/29/2021,15,15,38,0,15,3,15,28,527,2,6,5,2,MTORG,NE,4,Rest
2021,106,12.5,7/29/2021,38,3,38,0,15,0,15,11,402,2,3,2,5,MTORG,NE,4,Rest
2021,106,25,7/29/2021,38,3,38,0,15,0,15,16,404,5,2,4,6,MTORG,NE,4,Rest
2021,107,0,7/29/2021,38,15,38,3,3,0,0,30,242,2,2,2,6,MTORG,NE,4,Rest
2021,107,12.5,7/29/2021,38,0,38,0,38,0,0,23,247,2,2,2,2,MTORG,NE,4,Rest
2021,107,25,7/29/2021,38,15,38,0,3,0,38,40,577,2,5,4,2,MTORG,NE,4,Rest
2021,108,0,7/29/2021,38,3,15,0,38,0,15,13,546,4,5,5,4,MTORG,NE,4,Rest
2021,108,12.5,7/29/2021,38,0,15,0,38,0,15,14,550,6,3,4,4,MTORG,NE,4,Rest
2021,108,25,7/29/2021,38,0,38,15,15,0,3,16,270,2,5,8,5,MTORG,NE,4,Rest
2021,111,0,8/6/2021,15,3,85,0,3,0,3,14,329,2,1,1,2,MTORG,SE,5,Heavy
2021,111,12.5,8/6/2021,15,0,85,0,15,0,15,13,484,2,4,4,4,MTORG,SE,5,Heavy
2021,111,25,8/6/2021,15,3,85,0,15,0,3,20,219,2,3,5,2,MTORG,SE,5,Heavy
2021,110,0,8/6/2021,15,0,85,0,15,0,3,11,274,3,3,3,1,MTORG,SE,5,Heavy
2021,110,12.5,8/6/2021,38,0,63,15,15,0,38,8,363,1,2,2,4,MTORG,SE,5,Heavy
2021,110,25,8/6/2021,63,0,38,0,15,0,15,25,531,3,3,5,5,MTORG,SE,5,Heavy
2021,109,0,8/6/2021,15,15,63,0,38,0,3,30,507,3,3,4,3,MTORG,SE,5,Heavy
2021,109,12.5,8/6/2021,15,0,38,0,63,0,3,39,385,2,3,4,3,MTORG,SE,5,Heavy
2021,109,25,8/6/2021,15,3,85,0,15,0,3,24,277,4,5,3,4,MTORG,SE,5,Heavy
2021,114,0,8/6/2021,15,0,85,0,3,0,15,34,462,1,5,2,2,MTORG,SE,6,Full
2021,114,12.5,8/6/2021,15,3,85,0,0,0,0,24,197,2,2,2,2,MTORG,SE,6,Full
2021,114,25,8/6/2021,38,0,63,0,15,0,15,60,568,2,2,3,4,MTORG,SE,6,Full
2021,113,0,8/6/2021,63,0,38,0,3,0,15,35,576,4,4,2,4,MTORG,SE,6,Full
2021,113,12.5,8/6/2021,38,3,63,15,3,0,3,30,412,2,3,2,3,MTORG,SE,6,Full
2021,113,25,8/6/2021,63,3,38,0,3,0,15,38,445,5,5,6,6,MTORG,SE,6,Full
2021,112,0,8/6/2021,38,3,63,0,3,0,3,34,340,3,4,3,2,MTORG,SE,6,Full
2021,112,12.5,8/6/2021,85,0,15,15,15,0,0,64,457,3,3,2,3,MTORG,SE,6,Full
2021,112,25,8/6/2021,85,0,15,0,0,0,15,43,432,2,4,3,2,MTORG,SE,6,Full
2021,117,0,8/6/2021,63,0,38,0,3,0,3,32,482,2,3,1,2,MTORG,SE,7,Moderate
2021,117,12.5,8/6/2021,15,0,85,0,3,0,0,12,431,3,1,1,2,MTORG,SE,7,Moderate
2021,117,25,8/6/2021,38,0,63,0,3,0,3,35,291,1,2,1,2,MTORG,SE,7,Moderate
2021,116,0,8/6/2021,38,0,63,0,3,0,3,71,443,3,5,2,4,MTORG,SE,7,Moderate
2021,116,12.5,8/6/2021,15,0,85,0,15,0,0,15,283,2,1,2,2,MTORG,SE,7,Moderate
2021,116,25,8/6/2021,85,0,15,0,15,0,3,46,389,4,5,5,2,MTORG,SE,7,Moderate
2021,115,0,8/6/2021,63,0,38,0,3,0,15,48,605,4,4,4,6,MTORG,SE,7,Moderate
2021,115,12.5,8/6/2021,63,0,38,0,0,0,15,58,456,6,5,6,5,MTORG,SE,7,Moderate
2021,115,25,8/6/2021,15,0,85,0,3,0,3,29,497,3,4,4,5,MTORG,SE,7,Moderate
2021,118,0,8/6/2021,38,0,3,0,63,0,15,26,677,4,6,6,4,MTORG,SE,8,Rest
2021,118,12.5,8/6/2021,63,0,15,0,15,0,38,29,473,4,5,5,5,MTORG,SE,8,Rest
2021,118,25,8/6/2021,63,0,38,3,3,0,3,17,311,4,6,3,4,MTORG,SE,8,Rest
2021,119,0,8/6/2021,38,15,38,3,15,0,38,15,611,4,3,5,6,MTORG,SE,8,Rest
2021,119,12.5,8/6/2021,63,0,38,0,3,0,15,54,502,3,3,5,5,MTORG,SE,8,Rest
2021,119,25,8/6/2021,15,15,63,0,38,3,3,3,309,6,3,6,6,MTORG,SE,8,Rest
2021,120,0,8/6/2021,85,0,15,0,15,0,3,28,495,4,3,3,5,MTORG,SE,8,Rest
2021,120,12.5,8/6/2021,38,0,63,0,15,3,3,13,329,4,2,3,5,MTORG,SE,8,Rest
2021,120,25,8/6/2021,38,0,38,0,15,15,3,13,338,3,4,3,5,MTORG,SE,8,Rest
2021,121,0,7/20/2021,63,0,38,3,3,0,0,12,185,1,2,2,6,MTORG,SW,9,Full
2021,121,12.5,7/20/2021,38,0,38,3,3,0,15,23,456,3,7,6,2,MTORG,SW,9,Full
2021,121,25,7/20/2021,63,0,15,0,15,0,15,13,521,3,4,4,3,MTORG,SW,9,Full
2021,122,0,7/20/2021,38,0,38,0,3,0,15,55,520,4,7,8,9,MTORG,SW,9,Full
2021,122,12.5,7/20/2021,15,0,38,15,15,0,15,2,576,2,4,2,5,MTORG,SW,9,Full
2021,122,25,7/20/2021,63,0,15,0,15,0,15,35,520,3,3,4,2,MTORG,SW,9,Full
2021,123,0,7/20/2021,15,3,63,0,3,0,15,21,335,2,5,6,4,MTORG,SW,9,Full
2021,123,12.5,7/20/2021,38,3,38,0,15,0,15,21,483,5,5,4,5,MTORG,SW,9,Full
2021,123,25,7/20/2021,38,0,38,0,3,0,38,34,603,6,10,5,7,MTORG,SW,9,Full
2021,124,0,7/20/2021,38,0,15,0,0,0,15,35,717,6,8,8,6,MTORG,SW,10,Moderate
2021,124,12.5,7/20/2021,15,0,63,0,15,0,3,40,255,7,6,6,9,MTORG,SW,10,Moderate
2021,124,25,7/20/2021,38,0,30,0,15,0,0,45,706,4,4,5,5,MTORG,SW,10,Moderate
2021,125,0,7/20/2021,15,0,63,0,3,0,3,23,511,3,5,4,5,MTORG,SW,10,Moderate
2021,125,12.5,7/20/2021,63,0,15,0,15,0,3,18,311,5,4,3,4,MTORG,SW,10,Moderate
2021,125,25,7/20/2021,38,3,38,0,15,3,0,17,336,2,3,3,3,MTORG,SW,10,Moderate
2021,126,0,7/20/2021,63,0,15,0,3,3,15,35,595,4,3,4,4,MTORG,SW,10,Moderate
2021,126,12.5,7/20/2021,63,3,38,0,3,0,3,16,375,5,3,2,3,MTORG,SW,10,Moderate
2021,126,25,7/20/2021,38,0,63,0,3,3,0,27,280,2,3,3,2,MTORG,SW,10,Moderate
2021,129,0,7/20/2021,38,15,15,0,3,0,15,15,648,6,4,6,8,MTORG,SW,11,Rest
2021,129,12.5,7/20/2021,63,0,15,0,15,0,3,6,325,5,3,3,4,MTORG,SW,11,Rest
2021,129,25,7/20/2021,15,0,15,0,15,0,38,14,707,7,5,13,10,MTORG,SW,11,Rest
2021,127,0,7/20/2021,15,0,38,15,15,15,0,2,325,1,2,2,2,MTORG,SW,11,Rest
2021,127,12.5,7/20/2021,38,0,38,3,3,15,0,3,188,2,5,2,2,MTORG,SW,11,Rest
2021,127,25,7/20/2021,63,0,15,0,3,15,15,23,381,2,7,4,4,MTORG,SW,11,Rest
2021,128,0,7/20/2021,8,0,15,0,15,0,38,16,689,5,6,6,6,MTORG,SW,11,Rest
2021,128,12.5,7/20/2021,38,0,0,0,15,0,63,20,715,6,7,9,7,MTORG,SW,11,Rest
2021,128,25,7/20/2021,38,0,15,0,15,0,38,12,772,7,7,9,12,MTORG,SW,11,Rest
2021,130,0,7/20/2021,38,0,38,3,3,0,3,19,239,2,2,7,7,MTORG,SW,12,Heavy
2021,130,12.5,7/20/2021,15,3,63,0,15,0,15,23,475,2,5,2,8,MTORG,SW,12,Heavy
2021,130,25,7/20/2021,15,0,38,15,15,0,15,40,694,6,4,7,5,MTORG,SW,12,Heavy
2021,131,0,7/20/2021,15,38,38,0,0,0,15,38,832,2,3,2,1,MTORG,SW,12,Heavy
2021,131,12.5,7/20/2021,15,0,85,0,3,3,3,13,331,3,2,3,2,MTORG,SW,12,Heavy
2021,131,25,7/20/2021,15,0,63,0,3,0,15,25,461,4,2,2,5,MTORG,SW,12,Heavy
2021,132,0,7/20/2021,15,0,38,38,3,3,0,6,171,2,1,1,1,MTORG,SW,12,Heavy
2021,132,12.5,7/20/2021,15,0,38,3,15,0,15,30,493,2,6,2,4,MTORG,SW,12,Heavy
2021,132,25,7/20/2021,38,0,15,0,0,0,63,35,795,5,6,5,5,MTORG,SW,12,Heavy
2021,135,0,7/26/2021,15,3,63,0,15,3,38,45,580,2,2,5,3,MTORG,NW,13,Full
2021,135,12.5,7/26/2021,15,3,85,0,3,0,15,26,429,1,5,3,4,MTORG,NW,13,Full
2021,135,25,7/26/2021,15,15,85,0,3,0,0,35,310,4,2,2,3,MTORG,NW,13,Full
2021,134,0,7/26/2021,15,15,63,0,3,3,15,4,496,4,3,4,4,MTORG,NW,13,Full
2021,134,12.5,7/26/2021,15,15,63,0,38,3,15,20,615,2,5,2,3,MTORG,NW,13,Full
2021,134,25,7/26/2021,15,15,85,0,3,0,0,23,230,2,3,2,2,MTORG,NW,13,Full
2021,133,0,7/26/2021,15,3,85,0,3,0,15,23,585,7,2,2,2,MTORG,NW,13,Full
2021,133,12.5,7/26/2021,3,15,85,0,3,0,3,30,495,2,6,3,5,MTORG,NW,13,Full
2021,133,25,7/26/2021,15,15,85,3,3,0,3,31,593,5,3,4,7,MTORG,NW,13,Full
2021,138,0,7/26/2021,38,38,15,0,15,0,38,130,681,6,5,5,4,MTORG,NW,14,Moderate
2021,138,12.5,7/26/2021,85,3,15,0,3,0,3,100,440,6,2,4,6,MTORG,NW,14,Moderate
2021,138,25,7/26/2021,38,38,38,0,15,0,3,58,410,3,4,4,4,MTORG,NW,14,Moderate
2021,137,0,7/26/2021,85,0,15,0,3,0,3,38,551,4,2,3,6,MTORG,NW,14,Moderate
2021,137,12.5,7/26/2021,63,0,38,0,3,0,3,70,479,4,4,3,5,MTORG,NW,14,Moderate
2021,137,25,7/26/2021,63,3,15,0,15,0,3,28,390,3,4,3,3,MTORG,NW,14,Moderate
2021,136,0,7/26/2021,15,15,63,0,3,0,3,44,325,6,4,6,5,MTORG,NW,14,Moderate
2021,136,12.5,7/26/2021,63,15,15,0,15,0,15,160,791,6,3,6,7,MTORG,NW,14,Moderate
2021,136,25,7/26/2021,15,3,63,0,15,0,15,24,646,2,3,2,2,MTORG,NW,14,Moderate
2021,141,0,7/26/2021,63,15,3,0,38,0,0,55,762,5,5,6,5,MTORG,NW,15,Rest
2021,141,12.5,7/26/2021,38,63,15,3,15,0,0,23,664,6,4,5,5,MTORG,NW,15,Rest
2021,141,25,7/26/2021,63,15,38,0,15,0,0,110,535,3,4,3,4,MTORG,NW,15,Rest
2021,140,0,7/26/2021,63,0,15,0,3,0,15,20,590,2,3,5,2,MTORG,NW,15,Rest
2021,140,12.5,7/26/2021,15,3,63,0,3,0,15,53,450,3,2,3,4,MTORG,NW,15,Rest
2021,140,25,7/26/2021,15,3,63,0,3,15,15,30,610,5,3,5,4,MTORG,NW,15,Rest
2021,139,0,7/26/2021,63,3,15,0,15,3,15,33,620,3,4,4,5,MTORG,NW,15,Rest
2021,139,12.5,7/26/2021,38,3,15,0,15,38,0,55,484,5,4,5,4,MTORG,NW,15,Rest
2021,139,25,7/26/2021,38,3,15,0,63,38,15,23,501,5,3,4,4,MTORG,NW,15,Rest
2021,144,0,7/26/2021,38,0,63,0,15,0,15,17,466,5,4,2,2,MTORG,NW,16,Heavy
2021,144,12.5,7/26/2021,15,0,85,0,15,0,3,14,485,7,4,3,4,MTORG,NW,16,Heavy
2021,144,25,7/26/2021,15,0,63,0,15,3,3,14,309,2,2,4,5,MTORG,NW,16,Heavy
2021,143,0,7/26/2021,15,0,85,0,3,0,3,10,227,2,2,3,2,MTORG,NW,16,Heavy
2021,143,12.5,7/26/2021,3,15,85,0,3,3,0,12,385,3,2,2,1,MTORG,NW,16,Heavy
2021,143,25,7/26/2021,15,0,85,0,3,3,3,8,205,2,1,2,3,MTORG,NW,16,Heavy
2021,142,0,7/26/2021,15,0,15,0,63,38,0,29,356,3,2,3,2,MTORG,NW,16,Heavy
2021,142,12.5,7/26/2021,3,0,15,0,3,63,0,14,277,3,2,3,2,MTORG,NW,16,Heavy
2021,142,25,7/26/2021,15,15,63,0,3,0,38,14,607,4,3,5,6,MTORG,NW,16,Heavy
2021,82,0,7/19/2021,15,0,63,15,3,0,3,2,579,6,3,3,5,PBG,Dottie N,SE,
2021,82,12.5,7/19/2021,3,3,85,0,15,0,3,7,285,2,2,4,5,PBG,Dottie N,SE,
2021,82,25,7/19/2021,3,3,85,0,15,0,3,10,76,4,1,3,4,PBG,Dottie N,SE,
2021,83,0,7/19/2021,15,0,63,15,3,0,0,1,101,1,1,1,1,PBG,Dottie N,SE,
2021,83,12.5,7/19/2021,15,0,63,3,3,0,15,2,350,3,3,3,1,PBG,Dottie N,SE,
2021,83,25,7/19/2021,15,0,85,3,3,0,15,5,300,3,3,3,2,PBG,Dottie N,SE,
2021,84,0,7/19/2021,3,0,85,0,3,0,0,11,82,1,1,1,1,PBG,Dottie N,SE,
2021,84,12.5,7/19/2021,15,0,85,0,3,0,0,9,190,2,1,2,2,PBG,Dottie N,SE,
2021,84,25,7/19/2021,15,0,85,0,3,0,0,5,101,1,1,1,1,PBG,Dottie N,SE,
2021,79,0,7/19/2021,3,0,63,38,15,0,0,0,154,1,1,1,1,PBG,Dottie N,SW,
2021,79,12.5,7/19/2021,3,3,63,15,15,0,0,5,139,1,1,1,1,PBG,Dottie N,SW,
2021,79,25,7/19/2021,15,0,38,38,3,0,3,1,162,1,1,1,1,PBG,Dottie N,SW,
2021,80,0,7/19/2021,15,3,63,15,3,0,0,1,132,1,1,1,1,PBG,Dottie N,SW,
2021,80,12.5,7/19/2021,3,3,38,63,3,0,0,3,150,1,1,1,1,PBG,Dottie N,SW,
2021,80,25,7/19/2021,3,15,15,63,3,0,0,1,130,1,1,1,2,PBG,Dottie N,SW,
2021,81,0,7/19/2021,3,3,15,38,15,0,0,1,25,1,1,3,1,PBG,Dottie N,SW,
2021,81,12.5,7/19/2021,3,3,15,85,15,0,0,3,320,1,2,1,1,PBG,Dottie N,SW,
2021,81,25,7/19/2021,0,3,98,3,15,0,0,11,260,1,2,1,1,PBG,Dottie N,SW,
2021,74,0,7/19/2021,38,0,63,0,3,0,0,17,240,2,1,1,2,PBG,Dottie N,NW,
2021,74,12.5,7/19/2021,15,0,38,38,15,0,0,1,160,1,1,1,1,PBG,Dottie N,NW,
2021,74,25,7/19/2021,15,0,63,15,3,0,0,1,144,2,1,1,2,PBG,Dottie N,NW,
2021,75,0,7/19/2021,15,15,63,3,3,3,0,7,210,2,2,2,2,PBG,Dottie N,NW,
2021,75,12.5,7/19/2021,15,0,63,0,3,3,0,1,395,2,2,2,2,PBG,Dottie N,NW,
2021,75,25,7/19/2021,15,0,63,0,15,0,0,24,230,2,2,2,2,PBG,Dottie N,NW,
2021,73,0,7/19/2021,38,3,38,15,15,0,0,9,240,3,3,2,4,PBG,Dottie N,NW,
2021,73,12.5,7/19/2021,3,15,38,0,3,0,0,45,355,2,3,4,3,PBG,Dottie N,NW,
2021,73,25,7/19/2021,38,3,63,0,3,0,0,5,280,2,2,3,3,PBG,Dottie N,NW,
2021,78,0,7/19/2021,15,0,63,15,3,0,0,4,152,1,2,1,2,PBG,Dottie N,NE,
2021,78,12.5,7/19/2021,38,0,38,15,3,0,0,1,600,1,2,1,1,PBG,Dottie N,NE,
2021,78,25,7/19/2021,38,0,38,0,3,0,15,12,602,1,2,4,1,PBG,Dottie N,NE,
2021,77,0,7/19/2021,15,0,63,15,3,0,0,1,144,1,1,2,1,PBG,Dottie N,NE,
2021,77,12.5,7/19/2021,15,0,63,15,3,0,0,2,255,1,1,1,1,PBG,Dottie N,NE,
2021,77,25,7/19/2021,15,0,63,15,3,3,3,1,245,2,1,1,2,PBG,Dottie N,NE,
2021,76,0,7/19/2021,15,0,63,15,3,0,0,2,302,1,1,1,1,PBG,Dottie N,NE,
2021,76,12.5,7/19/2021,15,3,63,3,3,0,0,9,163,1,2,1,1,PBG,Dottie N,NE,
2021,76,25,7/19/2021,38,0,63,15,3,0,0,9,115,1,1,2,2,PBG,Dottie N,NE,
2021,12,0,7/25/2021,15,0,63,15,15,3,15,8,419,1,2,1,2,PBG,Engledorf N,SE,
2021,12,12.5,7/25/2021,3,0,85,0,15,3,15,7,315,2,3,1,5,PBG,Engledorf N,SE,
2021,12,25,7/25/2021,3,0,38,38,15,3,3,5,277,3,2,1,2,PBG,Engledorf N,SE,
2021,11,0,7/25/2021,15,0,63,3,3,0,15,10,284,3,1,2,1,PBG,Engledorf N,SE,
2021,11,12.5,7/25/2021,15,0,63,3,3,0,3,2,223,1,2,2,1,PBG,Engledorf N,SE,
2021,11,25,7/25/2021,15,0,63,3,15,5,0,1,295,1,2,1,1,PBG,Engledorf N,SE,
2021,10,0,7/25/2021,38,0,63,3,15,0,15,7,315,1,2,1,1,PBG,Engledorf N,SE,
2021,10,12.5,7/25/2021,15,0,63,3,15,0,0,8,205,1,2,1,2,PBG,Engledorf N,SE,
2021,10,25,7/25/2021,15,0,63,15,3,0,0,8,130,1,1,2,1,PBG,Engledorf N,SE,
2021,9,0,7/25/2021,38,0,38,3,15,0,0,18,230,2,2,2,2,PBG,Engledorf N,SW,
2021,9,12.5,7/25/2021,15,0,63,0,38,0,0,20,296,2,2,2,1,PBG,Engledorf N,SW,
2021,9,25,7/25/2021,38,0,38,15,15,0,0,11,264,2,2,2,2,PBG,Engledorf N,SW,
2021,8,0,7/25/2021,63,0,15,0,38,0,3,13,341,2,2,2,2,PBG,Engledorf N,SW,
2021,8,12.5,7/25/2021,38,0,38,3,15,0,0,13,245,1,2,2,1,PBG,Engledorf N,SW,
2021,8,25,7/25/2021,38,3,38,3,15,0,0,19,365,2,2,2,1,PBG,Engledorf N,SW,
2021,7,0,7/25/2021,38,3,38,0,38,0,0,26,295,2,2,2,3,PBG,Engledorf N,SW,
2021,7,12.5,7/25/2021,15,0,63,0,3,3,3,15,370,2,2,5,2,PBG,Engledorf N,SW,
2021,7,25,7/25/2021,15,0,63,3,3,0,3,5,250,2,1,3,2,PBG,Engledorf N,SW,
2021,4,0,7/25/2021,38,0,38,15,3,0,15,4,420,2,4,4,2,PBG,Engledorf N,NE,
2021,4,12.5,7/25/2021,38,0,15,15,15,15,3,28,330,2,2,3,3,PBG,Engledorf N,NE,
2021,4,25,7/25/2021,15,0,63,0,15,3,0,17,420,2,2,2,3,PBG,Engledorf N,NE,
2021,5,0,7/25/2021,15,0,63,0,15,3,0,13,177,2,2,1,2,PBG,Engledorf N,NE,
2021,5,12.5,7/25/2021,38,3,63,0,3,0,15,22,405,4,2,2,2,PBG,Engledorf N,NE,
2021,5,25,7/25/2021,15,3,63,0,15,0,3,25,367,2,2,2,2,PBG,Engledorf N,NE,
2021,6,0,7/25/2021,15,15,63,3,15,3,15,29,348,2,2,2,2,PBG,Engledorf N,NE,
2021,6,12.5,7/25/2021,63,0,15,0,15,0,3,30,308,2,2,2,2,PBG,Engledorf N,NE,
2021,6,25,7/25/2021,15,0,63,15,15,0,0,19,269,1,1,2,2,PBG,Engledorf N,NE,
2021,1,0,7/25/2021,0,3,63,38,3,0,3,11,379,1,2,1,1,PBG,Engledorf N,NW,
2021,1,12.5,7/25/2021,0,15,63,15,3,0,3,6,255,1,1,1,1,PBG,Engledorf N,NW,
2021,1,25,7/25/2021,3,38,63,0,3,0,3,1,102,1,1,1,1,PBG,Engledorf N,NW,
2021,2,0,7/25/2021,15,38,3,63,3,15,0,1,110,1,1,1,1,PBG,Engledorf N,NW,
2021,2,12.5,7/25/2021,3,3,63,15,15,15,3,4,358,1,2,1,2,PBG,Engledorf N,NW,
2021,2,25,7/25/2021,3,15,15,3,15,3,3,1,363,1,1,1,2,PBG,Engledorf N,NW,
2021,3,0,7/25/2021,15,15,63,0,15,3,3,9,465,1,2,2,1,PBG,Engledorf N,NW,
2021,3,12.5,7/25/2021,3,15,63,0,15,0,15,6,380,1,1,1,3,PBG,Engledorf N,NW,
2021,3,25,7/25/2021,38,0,38,15,15,0,0,12,250,1,1,3,1,PBG,Engledorf N,NW,
2021,86,0,8/1/2021,38,0,38,15,3,0,3,14,163,1,1,2,2,PBG,Dottie S,NW,
2021,86,12.5,8/1/2021,38,0,38,15,15,0,3,1,175,4,1,1,2,PBG,Dottie S,NW,
2021,86,25,8/1/2021,15,3,63,0,3,3,3,10,353,1,1,6,1,PBG,Dottie S,NW,
2021,87,0,8/1/2021,15,0,85,3,0,0,3,15,246,3,1,2,2,PBG,Dottie S,NW,
2021,87,12.5,8/1/2021,15,3,85,0,0,0,3,8,122,2,1,1,3,PBG,Dottie S,NW,
2021,87,25,8/1/2021,15,3,38,38,3,0,0,5,122,1,5,1,4,PBG,Dottie S,NW,
2021,85,0,8/1/2021,15,3,38,0,15,0,15,8,507,1,4,6,3,PBG,Dottie S,NW,
2021,85,12.5,8/1/2021,15,15,38,0,15,0,15,23,390,3,1,2,6,PBG,Dottie S,NW,
2021,85,25,8/1/2021,15,3,63,3,15,0,3,17,326,5,1,1,5,PBG,Dottie S,NW,
2021,90,0,8/1/2021,15,0,85,0,3,3,3,16,167,2,3,2,2,PBG,Dottie S,NE,
2021,90,12.5,8/1/2021,15,15,63,0,15,0,0,13,402,1,1,1,1,PBG,Dottie S,NE,
2021,90,25,8/1/2021,38,3,38,15,15,0,0,8,142,1,1,2,2,PBG,Dottie S,NE,
2021,89,0,8/1/2021,15,0,63,0,15,0,15,26,354,2,6,4,2,PBG,Dottie S,NE,
2021,89,12.5,8/1/2021,38,0,15,15,0,0,38,17,395,1,3,3,5,PBG,Dottie S,NE,
2021,89,25,8/1/2021,38,0,63,0,0,3,3,15,180,1,1,1,2,PBG,Dottie S,NE,
2021,88,0,8/1/2021,38,15,38,3,15,0,3,45,360,1,2,1,1,PBG,Dottie S,NE,
2021,88,12.5,8/1/2021,15,0,63,15,3,0,3,3,231,2,2,1,2,PBG,Dottie S,NE,
2021,88,25,8/1/2021,15,3,63,0,3,0,15,8,330,1,2,3,2,PBG,Dottie S,NE,
2021,94,0,8/1/2021,38,0,63,3,3,0,15,4,281,2,1,1,2,PBG,Dottie S,SE,
2021,94,12.5,8/1/2021,15,3,63,0,15,0,3,11,286,2,4,5,8,PBG,Dottie S,SE,
2021,94,25,8/1/2021,15,15,63,15,15,0,0,7,276,2,4,1,1,PBG,Dottie S,SE,
2021,95,0,8/1/2021,38,3,63,15,3,0,3,3,218,1,2,2,1,PBG,Dottie S,SE,
2021,95,12.5,8/1/2021,38,3,63,3,3,0,3,2,140,1,2,1,1,PBG,Dottie S,SE,
2021,95,25,8/1/2021,15,3,63,0,15,0,0,14,145,1,1,2,1,PBG,Dottie S,SE,
2021,96,0,8/1/2021,15,0,38,3,15,15,0,17,298,3,2,3,1,PBG,Dottie S,SE,
2021,96,12.5,8/1/2021,15,3,38,15,38,0,0,51,471,1,1,1,2,PBG,Dottie S,SE,
2021,96,25,8/1/2021,15,0,63,0,15,3,3,17,279,3,3,3,2,PBG,Dottie S,SE,
2021,91,0,8/1/2021,3,3,85,3,3,3,3,18,204,1,1,1,1,PBG,Dottie S,SW,
2021,91,12.5,8/1/2021,3,3,15,63,3,15,3,2,162,1,1,2,1,PBG,Dottie S,SW,
2021,91,25,8/1/2021,3,3,38,38,3,15,3,7,172,1,1,1,2,PBG,Dottie S,SW,
2021,92,0,8/1/2021,3,15,38,38,0,0,3,1,95,1,2,1,1,PBG,Dottie S,SW,
2021,92,12.5,8/1/2021,0,15,38,38,15,3,15,0,410,1,2,2,2,PBG,Dottie S,SW,
2021,92,25,8/1/2021,3,15,38,15,3,3,3,1,327,2,1,3,2,PBG,Dottie S,SW,
2021,93,0,8/1/2021,3,15,63,15,15,0,15,5,496,1,2,1,3,PBG,Dottie S,SW,
2021,93,12.5,8/1/2021,3,15,63,15,15,0,3,5,398,3,2,1,3,PBG,Dottie S,SW,
2021,93,25,8/1/2021,3,15,38,15,15,0,3,8,263,3,2,2,1,PBG,Dottie S,SW,
2021,19,0,8/4/2021,38,0,38,3,15,0,3,23,444,2,1,1,2,PBG,Engledorf S,SW,
2021,19,12.5,8/4/2021,38,0,38,15,15,3,0,2,273,2,2,2,2,PBG,Engledorf S,SW,
2021,19,25,8/4/2021,15,0,63,3,15,0,3,2,395,2,4,2,4,PBG,Engledorf S,SW,
2021,20,0,8/4/2021,38,0,38,15,15,0,0,9,430,1,1,2,1,PBG,Engledorf S,SW,
2021,20,12.5,8/4/2021,38,0,38,15,15,0,0,1,175,1,1,2,1,PBG,Engledorf S,SW,
2021,20,25,8/4/2021,15,0,63,3,15,3,0,1,231,1,2,2,3,PBG,Engledorf S,SW,
2021,21,0,8/4/2021,63,0,38,3,0,0,3,1,266,1,2,2,2,PBG,Engledorf S,SW,
2021,21,12.5,8/4/2021,85,0,38,0,0,0,15,3,298,2,1,4,2,PBG,Engledorf S,SW,
2021,21,25,8/4/2021,38,0,63,38,0,0,15,5,377,5,4,4,4,PBG,Engledorf S,SW,
2021,24,0,8/4/2021,38,0,63,3,3,0,3,4,301,2,2,1,1,PBG,Engledorf S,SE,
2021,24,12.5,8/4/2021,38,0,38,0,3,0,15,28,312,1,2,2,4,PBG,Engledorf S,SE,
2021,24,25,8/4/2021,63,0,38,0,15,3,3,25,270,1,2,2,2,PBG,Engledorf S,SE,
2021,23,0,8/4/2021,38,0,63,3,15,3,0,16,177,1,2,1,1,PBG,Engledorf S,SE,
2021,23,12.5,8/4/2021,15,3,85,0,3,0,3,5,352,4,2,3,1,PBG,Engledorf S,SE,
2021,23,25,8/4/2021,38,0,63,3,3,0,15,5,322,2,2,1,2,PBG,Engledorf S,SE,
2021,22,0,8/4/2021,63,0,15,0,15,0,15,18,467,2,4,4,3,PBG,Engledorf S,SE,
2021,22,12.5,8/4/2021,63,0,38,3,0,0,3,1,291,2,2,2,2,PBG,Engledorf S,SE,
2021,22,25,8/4/2021,38,0,63,15,0,0,0,1,125,1,1,2,1,PBG,Engledorf S,SE,
2021,15,0,8/4/2021,15,15,15,38,15,0,0,0,196,1,1,2,1,PBG,Engledorf S,NW,
2021,15,12.5,8/4/2021,15,0,38,15,15,3,0,1,190,1,1,1,1,PBG,Engledorf S,NW,
2021,15,25,8/4/2021,38,0,38,0,15,3,3,1,249,1,1,1,2,PBG,Engledorf S,NW,
2021,14,0,8/4/2021,38,15,38,0,15,0,15,8,340,4,1,2,1,PBG,Engledorf S,NW,
2021,14,12.5,8/4/2021,3,0,15,63,15,0,0,0,311,1,2,3,1,PBG,Engledorf S,NW,
2021,14,25,8/4/2021,15,0,15,38,38,0,15,9,517,4,2,1,2,PBG,Engledorf S,NW,
2021,13,0,8/4/2021,3,15,38,15,15,0,3,7,410,1,3,1,2,PBG,Engledorf S,NW,
2021,13,12.5,8/4/2021,15,3,38,15,15,3,0,20,310,1,1,1,1,PBG,Engledorf S,NW,
2021,13,25,8/4/2021,15,3,38,38,3,3,3,4,272,1,2,1,2,PBG,Engledorf S,NW,
2021,18,0,8/4/2021,38,0,38,15,0,0,15,6,303,1,2,2,2,PBG,Engledorf S,NE,
2021,18,12.5,8/4/2021,15,0,15,38,15,0,15,1,360,3,3,3,3,PBG,Engledorf S,NE,
2021,18,25,8/4/2021,15,0,63,0,0,3,38,2,434,3,4,1,2,PBG,Engledorf S,NE,
2021,17,0,8/4/2021,38,0,15,15,15,15,0,5,207,1,1,1,1,PBG,Engledorf S,NE,
2021,17,12.5,8/4/2021,15,0,38,15,15,15,3,40,380,1,1,2,2,PBG,Engledorf S,NE,
2021,17,25,8/4/2021,38,0,38,15,0,3,3,3,303,1,1,4,1,PBG,Engledorf S,NE,
2021,16,0,8/4/2021,15,0,38,15,15,0,15,5,414,5,3,3,4,PBG,Engledorf S,NE,
2021,16,12.5,8/4/2021,15,0,63,15,3,0,15,4,282,2,3,3,3,PBG,Engledorf S,NE,
2021,16,25,8/4/2021,63,0,15,15,15,0,3,12,248,2,2,1,1,PBG,Engledorf S,NE,
2021,49,0,7/22/2021,38,15,38,0,0,0,3,84,455,3,2,4,4,SLG,Refuge M,NW,
2021,49,12.5,7/22/2021,38,15,38,0,3,0,0,32,557,6,3,3,4,SLG,Refuge M,NW,
2021,49,25,7/22/2021,3,0,63,0,3,0,15,38,465,3,5,4,4,SLG,Refuge M,NW,
2021,50,0,7/22/2021,38,0,63,0,3,0,0,33,478,4,5,3,4,SLG,Refuge M,NW,
2021,50,12.5,7/22/2021,0,38,38,15,0,0,0,10,506,2,4,3,4,SLG,Refuge M,NW,
2021,50,25,7/22/2021,38,15,38,0,3,0,0,3,413,2,1,3,3,SLG,Refuge M,NW,
2021,51,0,7/22/2021,3,15,85,0,0,0,3,35,670,3,5,5,4,SLG,Refuge M,NW,
2021,51,12.5,7/22/2021,38,38,38,15,0,0,0,2,572,4,4,2,3,SLG,Refuge M,NW,
2021,51,25,7/22/2021,3,15,85,0,0,0,0,39,448,3,5,3,4,SLG,Refuge M,NW,
2021,57,0,7/22/2021,15,15,38,0,15,0,0,45,375,2,3,3,2,SLG,Refuge M,NE,
2021,57,12.5,7/22/2021,15,38,38,0,0,0,0,41,583,3,3,4,4,SLG,Refuge M,NE,
2021,57,25,7/22/2021,15,15,38,0,15,0,0,50,374,2,3,3,3,SLG,Refuge M,NE,
2021,56,0,7/22/2021,15,3,63,0,0,0,15,107,525,6,4,5,6,SLG,Refuge M,NE,
2021,56,12.5,7/22/2021,15,15,38,0,0,0,15,28,683,3,3,6,5,SLG,Refuge M,NE,
2021,56,25,7/22/2021,38,15,38,0,0,0,15,37,455,4,4,5,4,SLG,Refuge M,NE,
2021,55,0,7/22/2021,15,15,38,0,15,0,0,33,365,3,3,3,3,SLG,Refuge M,NE,
2021,55,12.5,7/22/2021,38,15,38,0,3,0,15,67,540,6,4,5,6,SLG,Refuge M,NE,
2021,55,25,7/22/2021,15,15,63,0,0,0,3,21,519,5,3,3,3,SLG,Refuge M,NE,
2021,60,0,7/22/2021,15,15,38,3,3,0,15,25,375,6,4,4,6,SLG,Refuge M,SE,
2021,60,12.5,7/22/2021,15,0,63,0,0,15,0,16,332,1,2,2,2,SLG,Refuge M,SE,
2021,60,25,7/22/2021,15,15,63,0,3,0,3,65,399,2,4,3,4,SLG,Refuge M,SE,
2021,59,0,7/22/2021,15,15,38,0,3,0,3,27,540,2,3,3,6,SLG,Refuge M,SE,
2021,59,12.5,7/22/2021,15,15,38,0,3,0,15,49,600,4,4,3,3,SLG,Refuge M,SE,
2021,59,25,7/22/2021,15,0,63,3,3,0,15,1,310,2,3,4,4,SLG,Refuge M,SE,
2021,58,0,7/22/2021,38,15,38,0,3,0,0,62,545,4,3,3,3,SLG,Refuge M,SE,
2021,58,12.5,7/22/2021,15,15,38,0,3,0,15,22,600,4,4,4,3,SLG,Refuge M,SE,
2021,58,25,7/22/2021,15,15,0,0,0,0,15,30,600,7,7,5,4,SLG,Refuge M,SE,
2021,52,0,7/22/2021,38,3,38,0,15,0,0,57,492,2,4,4,5,SLG,Refuge M,SW,
2021,52,12.5,7/22/2021,38,15,38,0,3,0,3,54,583,4,4,3,3,SLG,Refuge M,SW,
2021,52,25,7/22/2021,15,15,38,0,15,0,15,23,745,4,3,5,4,SLG,Refuge M,SW,
2021,53,0,7/22/2021,15,15,38,0,15,0,15,60,567,4,4,4,5,SLG,Refuge M,SW,
2021,53,12.5,7/22/2021,15,38,15,0,15,0,15,35,390,5,4,4,4,SLG,Refuge M,SW,
2021,53,25,7/22/2021,0,38,38,0,15,0,3,22,360,4,4,4,6,SLG,Refuge M,SW,
2021,54,0,7/22/2021,15,15,38,15,0,0,0,38,525,4,3,4,4,SLG,Refuge M,SW,
2021,54,12.5,7/22/2021,38,15,38,0,3,0,15,60,460,4,5,5,4,SLG,Refuge M,SW,
2021,54,25,7/22/2021,38,15,38,0,3,0,0,67,370,4,3,3,4,SLG,Refuge M,SW,
2021,42,0,8/2/2021,3,15,63,0,3,0,15,18,551,2,5,3,2,SLG,Refuge NE,NE,
2021,42,12.5,8/2/2021,15,15,63,3,0,0,3,25,345,2,2,3,1,SLG,Refuge NE,NE,
2021,42,25,8/2/2021,15,38,38,0,3,0,0,23,534,3,3,4,2,SLG,Refuge NE,NE,
2021,41,0,8/2/2021,15,38,38,0,0,0,38,35,557,6,6,7,3,SLG,Refuge NE,NE,
2021,41,12.5,8/2/2021,15,15,38,3,3,0,15,44,449,5,5,2,2,SLG,Refuge NE,NE,
2021,41,25,8/2/2021,38,15,38,0,0,0,15,21,6501,6,2,2,4,SLG,Refuge NE,NE,
2021,40,0,8/2/2021,38,15,38,0,0,0,15,23,535,3,2,4,2,SLG,Refuge NE,NE,
2021,40,12.5,8/2/2021,38,15,38,0,3,3,0,15,300,3,3,6,2,SLG,Refuge NE,NE,
2021,40,25,8/2/2021,15,15,38,0,15,0,15,31,865,5,3,8,3,SLG,Refuge NE,NE,
2021,48,0,8/2/2021,15,3,63,0,3,0,15,56,505,2,5,5,3,SLG,Refuge NE,SE,
2021,48,12.5,8/2/2021,15,15,38,0,3,0,15,32,417,2,6,2,6,SLG,Refuge NE,SE,
2021,48,25,8/2/2021,15,15,38,0,15,0,15,47,499,7,5,6,7,SLG,Refuge NE,SE,
2021,44,0,8/2/2021,15,15,63,0,3,0,3,25,370,3,6,1,8,SLG,Refuge NE,SE,
2021,44,12.5,8/2/2021,15,3,38,38,3,0,15,30,680,7,3,6,7,SLG,Refuge NE,SE,
2021,44,25,8/2/2021,15,15,38,0,3,0,15,44,700,8,5,10,2,SLG,Refuge NE,SE,
2021,45,0,8/2/2021,38,15,38,0,15,0,0,17,293,1,3,1,3,SLG,Refuge NE,SE,
2021,45,12.5,8/2/2021,15,15,38,0,0,0,15,15,428,2,3,2,4,SLG,Refuge NE,SE,
2021,45,25,8/2/2021,15,38,38,0,0,0,3,50,432,2,3,3,3,SLG,Refuge NE,SE,
2021,47,0,8/2/2021,15,15,63,0,0,0,3,10,383,4,2,3,3,SLG,Refuge NE,SW,
2021,47,12.5,8/2/2021,15,38,38,0,0,0,3,11,442,4,2,3,3,SLG,Refuge NE,SW,
2021,47,25,8/2/2021,15,38,38,0,3,0,15,19,526,3,4,5,3,SLG,Refuge NE,SW,
2021,46,0,8/2/2021,38,3,38,0,3,0,15,26,424,4,5,6,5,SLG,Refuge NE,SW,
2021,46,12.5,8/2/2021,15,15,38,0,3,0,15,26,558,3,6,6,6,SLG,Refuge NE,SW,
2021,46,25,8/2/2021,15,15,38,0,0,0,15,52,661,7,4,8,4,SLG,Refuge NE,SW,
2021,43,0,8/2/2021,15,15,63,0,0,0,15,15,463,3,4,5,4,SLG,Refuge NE,SW,
2021,43,12.5,8/2/2021,15,15,38,0,3,0,15,8,460,4,7,6,6,SLG,Refuge NE,SW,
2021,43,25,8/2/2021,15,15,15,0,15,0,15,27,419,2,5,6,5,SLG,Refuge NE,SW,
2021,37,0,8/2/2021,15,3,63,0,0,0,15,39,355,3,1,2,2,SLG,Refuge NE,NW,
2021,37,12.5,8/2/2021,38,0,63,3,3,0,15,1,602,4,6,2,6,SLG,Refuge NE,NW,
2021,37,25,8/2/2021,15,3,38,0,15,15,38,25,465,2,2,2,1,SLG,Refuge NE,NW,
2021,38,0,8/2/2021,63,3,15,3,0,0,15,24,485,2,1,3,4,SLG,Refuge NE,NW,
2021,38,12.5,8/2/2021,15,15,38,0,0,0,15,24,383,1,2,3,3,SLG,Refuge NE,NW,
2021,38,25,8/2/2021,3,3,63,0,0,15,15,57,405,2,6,3,5,SLG,Refuge NE,NW,
2021,39,0,8/2/2021,15,15,38,38,0,0,0,6,116,1,1,1,1,SLG,Refuge NE,NW,
2021,39,12.5,8/2/2021,38,3,38,15,0,0,3,1,191,2,2,2,1,SLG,Refuge NE,NW,
2021,39,25,8/2/2021,15,3,63,15,3,3,0,2,132,1,4,1,2,SLG,Refuge NE,NW,
2021,30,0,8/5/2021,85,15,15,0,15,0,0,13,231,2,1,3,2,SLG,Refuge NW,NW,
2021,30,12.5,8/5/2021,38,3,63,3,3,0,0,3,247,3,1,1,2,SLG,Refuge NW,NW,
2021,30,25,8/5/2021,38,38,15,0,0,0,15,20,494,5,6,4,3,SLG,Refuge NW,NW,
2021,29,0,8/5/2021,38,0,38,38,3,0,0,19,251,1,1,2,2,SLG,Refuge NW,NW,
2021,29,12.5,8/5/2021,38,0,38,38,3,0,0,2,125,3,1,2,1,SLG,Refuge NW,NW,
2021,29,25,8/5/2021,38,0,63,3,15,0,0,7,245,2,1,3,2,SLG,Refuge NW,NW,
2021,28,0,8/5/2021,63,0,38,0,15,0,0,31,234,1,3,4,4,SLG,Refuge NW,NW,
2021,28,12.5,8/5/2021,63,0,38,0,3,0,3,74,382,2,2,2,2,SLG,Refuge NW,NW,
2021,28,25,8/5/2021,38,0,63,0,3,0,0,34,276,2,2,3,1,SLG,Refuge NW,NW,
2021,27,0,8/5/2021,15,38,38,0,3,0,15,35,457,4,3,5,3,SLG,Refuge NW,SW,
2021,27,12.5,8/5/2021,15,15,63,0,0,0,15,52,603,5,6,5,6,SLG,Refuge NW,SW,
2021,27,25,8/5/2021,15,63,38,0,3,0,0,40,260,2,3,4,3,SLG,Refuge NW,SW,
2021,26,0,8/5/2021,38,38,38,0,0,0,3,17,601,3,3,3,3,SLG,Engledorf S,SW,
2021,26,12.5,8/5/2021,38,15,63,3,3,0,0,2,382,2,3,2,1,SLG,Engledorf S,SW,
2021,26,25,8/5/2021,38,38,15,0,3,0,0,29,448,2,2,4,3,SLG,Engledorf S,SW,
2021,25,0,8/5/2021,38,63,15,0,15,0,0,17,412,3,4,3,4,SLG,Engledorf S,SW,
2021,25,12.5,8/5/2021,15,63,38,0,3,0,0,17,530,3,4,4,3,SLG,Engledorf S,SW,
2021,25,25,8/5/2021,0,85,38,0,3,0,0,28,558,4,3,3,3,SLG,Engledorf S,SW,
2021,33,0,8/5/2021,63,15,15,15,3,0,3,9,363,3,3,4,2,SLG,Refuge NW,NE,
2021,33,12.5,8/5/2021,38,15,63,0,3,0,0,18,275,2,1,2,2,SLG,Refuge NW,NE,
2021,33,25,8/5/2021,63,15,38,0,3,0,3,21,371,2,3,3,5,SLG,Refuge NW,NE,
2021,32,0,8/5/2021,63,3,15,0,0,0,15,27,452,3,2,3,3,SLG,Refuge NW,NE,
2021,32,12.5,8/5/2021,85,0,15,0,0,0,15,55,470,4,5,5,4,SLG,Refuge NW,NE,
2021,32,25,8/5/2021,38,0,38,3,0,0,15,8,385,3,3,5,3,SLG,Refuge NW,NE,
2021,31,0,8/5/2021,38,0,38,3,15,0,0,9,174,2,1,1,1,SLG,Refuge NW,NE,
2021,31,12.5,8/5/2021,15,15,63,38,3,0,0,2,244,2,1,2,2,SLG,Refuge NW,NE,
2021,31,25,8/5/2021,38,0,38,0,0,0,3,12,197,1,2,1,1,SLG,Refuge NW,NE,
2021,36,0,8/5/2021,63,15,38,0,3,0,3,32,541,3,3,6,2,SLG,Refuge NW,SE,
2021,36,12.5,8/5/2021,85,0,15,0,0,3,3,13,340,3,1,6,5,SLG,Refuge NW,SE,
2021,36,25,8/5/2021,85,0,15,0,3,0,0,17,309,2,2,2,3,SLG,Refuge NW,SE,
2021,35,0,8/5/2021,38,15,38,0,3,0,15,13,340,4,2,2,3,SLG,Refuge NW,SE,
2021,35,12.5,8/5/2021,15,38,38,0,0,0,3,17,222,2,2,3,2,SLG,Refuge NW,SE,
2021,35,25,8/5/2021,63,15,38,0,3,0,38,16,602,2,1,6,1,SLG,Refuge NW,SE,
2021,34,0,8/5/2021,38,15,63,3,3,0,0,2,270,1,1,2,1,SLG,Refuge NW,SE,
2021,34,12.5,8/5/2021,15,15,85,15,0,0,0,4,139,1,1,1,1,SLG,Refuge NW,SE,
2021,34,25,8/5/2021,38,3,63,0,0,0,0,3,172,1,1,1,1,SLG,Refuge NW,SE,
2021,67,0,7/28/2021,38,0,63,0,15,0,0,26,316,2,2,2,2,SLG,Refuge S,NW,
2021,67,12.5,7/28/2021,38,3,38,0,15,0,0,55,395,2,3,2,2,SLG,Refuge S,NW,
2021,67,25,7/28/2021,38,3,63,3,3,0,0,20,202,2,2,3,3,SLG,Refuge S,NW,
2021,64,0,7/28/2021,38,0,63,3,0,0,3,13,350,1,2,2,3,SLG,Refuge S,NW,
2021,64,12.5,7/28/2021,38,0,38,0,15,3,0,25,404,4,10,4,8,SLG,Refuge S,NW,
2021,64,25,7/28/2021,0,38,63,0,15,0,3,14,500,3,2,7,7,SLG,Refuge S,NW,
2021,61,0,7/28/2021,15,3,63,15,15,0,0,12,493,2,1,3,3,SLG,Refuge S,NW,
2021,61,12.5,7/28/2021,63,0,38,3,15,0,0,25,314,2,2,2,2,SLG,Refuge S,NW,
2021,61,25,7/28/2021,15,15,38,0,15,0,15,26,482,3,5,8,4,SLG,Refuge S,NW,
2021,69,0,7/28/2021,63,3,38,0,3,0,0,35,281,2,3,3,2,SLG,Refuge S,SW,
2021,69,12.5,7/28/2021,15,15,63,0,3,0,0,37,315,2,3,2,3,SLG,Refuge S,SW,
2021,69,25,7/28/2021,63,15,15,0,3,0,0,35,366,4,2,3,3,SLG,Refuge S,SW,
2021,66,0,7/28/2021,15,15,63,0,3,0,0,37,302,2,2,4,3,SLG,Refuge S,SW,
2021,66,12.5,7/28/2021,38,15,63,0,3,0,3,74,314,2,3,3,2,SLG,Refuge S,SW,
2021,66,25,7/28/2021,38,3,63,0,3,3,0,42,305,3,2,3,2,SLG,Refuge S,SW,
2021,63,0,7/28/2021,15,38,38,0,0,0,0,53,510,2,3,4,3,SLG,Refuge S,SW,
2021,63,12.5,7/28/2021,15,63,15,0,0,0,0,34,574,3,3,4,3,SLG,Refuge S,SW,
2021,63,25,7/28/2021,38,15,63,0,3,0,0,53,440,2,2,2,3,SLG,Refuge S,SW,
2021,65,0,7/28/2021,38,38,38,0,0,0,0,29,457,2,2,2,4,SLG,Refuge S,NE,
2021,65,12.5,7/28/2021,38,3,38,15,15,0,0,17,285,2,1,2,2,SLG,Refuge S,NE,
2021,65,25,7/28/2021,38,15,38,0,0,0,15,44,625,6,6,7,7,SLG,Refuge S,NE,
2021,62,0,7/28/2021,38,3,63,3,0,0,15,38,440,8,6,2,6,SLG,Refuge S,NE,
2021,62,12.5,7/28/2021,15,15,63,0,0,0,15,43,600,3,6,4,7,SLG,Refuge S,NE,
2021,62,25,7/28/2021,38,0,38,15,15,3,0,46,282,2,8,2,2,SLG,Refuge S,NE,
2021,68,0,7/28/2021,38,15,38,0,3,0,0,28,450,2,3,2,4,SLG,Refuge S,NE,
2021,68,12.5,7/28/2021,38,15,38,0,3,0,0,50,475,1,3,3,3,SLG,Refuge S,NE,
2021,68,25,7/28/2021,15,15,85,0,0,0,0,35,229,3,2,3,2,SLG,Refuge S,NE,
2021,70,0,7/28/2021,15,15,63,0,15,0,0,31,250,2,2,2,2,SLG,Refuge S,SE,
2021,70,12.5,7/28/2021,15,15,63,0,15,0,0,25,398,3,2,2,2,SLG,Refuge S,SE,
2021,70,25,7/28/2021,15,0,63,0,0,15,0,30,245,2,1,1,2,SLG,Refuge S,SE,
2021,71,0,7/28/2021,15,3,63,3,15,0,0,5,245,2,2,1,1,SLG,Refuge S,SE,
2021,71,12.5,7/28/2021,38,3,63,0,3,0,0,35,305,2,1,1,2,SLG,Refuge S,SE,
2021,71,25,7/28/2021,38,3,63,0,3,0,0,33,193,1,1,2,2,SLG,Refuge S,SE,
2021,72,0,7/28/2021,38,0,63,0,3,15,3,35,182,2,2,2,2,SLG,Refuge S,SE,
2021,72,12.5,7/28/2021,38,3,15,0,15,0,15,52,568,5,6,6,4,SLG,Refuge S,SE,
2021,72,25,7/28/2021,38,3,38,3,3,3,3,11,216,1,6,2,1,SLG,Refuge S,SE,
2022,142,0,5/29/2022,NA,NA,NA,NA,NA,NA,NA,10,567,3,2,5,4,MTORG,NW,16,Rest
2022,142,12.5,5/29/2022,NA,NA,NA,NA,NA,NA,NA,20,360,2,3,3,3,MTORG,NW,16,Rest
2022,142,25,5/29/2022,NA,NA,NA,NA,NA,NA,NA,20,270,2,2,3,2,MTORG,NW,16,Rest
2022,143,0,5/29/2022,NA,NA,NA,NA,NA,NA,NA,4,258,1,1,2,3,MTORG,NW,16,Rest
2022,143,12.5,5/29/2022,NA,NA,NA,NA,NA,NA,NA,7,285,1,1,1,1,MTORG,NW,16,Rest
2022,143,25,5/29/2022,NA,NA,NA,NA,NA,NA,NA,10,261,1,2,1,1,MTORG,NW,16,Rest
2022,144,0,5/29/2022,NA,NA,NA,NA,NA,NA,NA,30,600,2,2,2,2,MTORG,NW,16,Rest
2022,144,12.5,5/29/2022,NA,NA,NA,NA,NA,NA,NA,20,402,3,4,4,5,MTORG,NW,16,Rest
2022,144,25,5/29/2022,NA,NA,NA,NA,NA,NA,NA,15,190,2,1,1,1,MTORG,NW,16,Rest
2022,139,0,5/29/2022,NA,NA,NA,NA,NA,NA,NA,100,370,3,4,4,5,MTORG,NW,15,Moderate
2022,139,12.5,5/29/2022,NA,NA,NA,NA,NA,NA,NA,110,460,3,3,3,3,MTORG,NW,15,Moderate
2022,139,25,5/29/2022,NA,NA,NA,NA,NA,NA,NA,45,405,3,3,3,3,MTORG,NW,15,Moderate
2022,140,0,5/29/2022,NA,NA,NA,NA,NA,NA,NA,40,420,2,3,4,3,MTORG,NW,15,Moderate
2022,140,12.5,5/29/2022,NA,NA,NA,NA,NA,NA,NA,30,367,2,5,3,4,MTORG,NW,15,Moderate
2022,140,25,5/29/2022,NA,NA,NA,NA,NA,NA,NA,30,440,3,3,2,2,MTORG,NW,15,Moderate
2022,141,0,5/29/2022,NA,NA,NA,NA,NA,NA,NA,80,440,4,3,4,3,MTORG,NW,15,Moderate
2022,141,12.5,5/29/2022,NA,NA,NA,NA,NA,NA,NA,135,420,3,3,4,3,MTORG,NW,15,Moderate
2022,141,25,5/29/2022,NA,NA,NA,NA,NA,NA,NA,30,450,4,4,3,4,MTORG,NW,15,Moderate
2022,136,0,5/29/2022,NA,NA,NA,NA,NA,NA,NA,15,268,3,2,1,1,MTORG,NW,14,Full
2022,136,12.5,5/29/2022,NA,NA,NA,NA,NA,NA,NA,107,527,3,5,7,6,MTORG,NW,14,Full
2022,136,25,5/29/2022,NA,NA,NA,NA,NA,NA,NA,35,410,4,4,2,6,MTORG,NW,14,Full
2022,137,0,5/29/2022,NA,NA,NA,NA,NA,NA,NA,35,245,5,4,2,3,MTORG,NW,14,Full
2022,137,12.5,5/29/2022,NA,NA,NA,NA,NA,NA,NA,75,431,5,3,3,3,MTORG,NW,14,Full
2022,137,25,5/29/2022,NA,NA,NA,NA,NA,NA,NA,30,420,2,2,5,2,MTORG,NW,14,Full
2022,138,0,5/29/2022,NA,NA,NA,NA,NA,NA,NA,50,336,2,3,3,2,MTORG,NW,14,Full
2022,138,12.5,5/29/2022,NA,NA,NA,NA,NA,NA,NA,65,470,4,2,2,4,MTORG,NW,14,Full
2022,138,25,5/29/2022,NA,NA,NA,NA,NA,NA,NA,65,615,3,4,3,3,MTORG,NW,14,Full
2022,133,0,5/29/2022,NA,NA,NA,NA,NA,NA,NA,30,330,3,3,6,6,MTORG,NW,13,Heavy
2022,133,12.5,5/29/2022,NA,NA,NA,NA,NA,NA,NA,20,555,2,3,7,3,MTORG,NW,13,Heavy
2022,133,25,5/29/2022,NA,NA,NA,NA,NA,NA,NA,20,305,5,3,5,2,MTORG,NW,13,Heavy
2022,134,0,5/29/2022,NA,NA,NA,NA,NA,NA,NA,20,275,3,3,4,3,MTORG,NW,13,Heavy
2022,134,12.5,5/29/2022,NA,NA,NA,NA,NA,NA,NA,20,349,2,4,5,2,MTORG,NW,13,Heavy
2022,134,25,5/29/2022,NA,NA,NA,NA,NA,NA,NA,15,240,2,2,2,2,MTORG,NW,13,Heavy
2022,135,0,5/29/2022,NA,NA,NA,NA,NA,NA,NA,15,390,2,2,3,3,MTORG,NW,13,Heavy
2022,135,12.5,5/29/2022,NA,NA,NA,NA,NA,NA,NA,30,610,3,2,2,3,MTORG,NW,13,Heavy
2022,135,25,5/29/2022,NA,NA,NA,NA,NA,NA,NA,20,434,2,2,3,3,MTORG,NW,13,Heavy
2022,97,0,5/30/2022,NA,NA,NA,NA,NA,NA,NA,23,455,2,2,4,2,MTORG,NE,1,Rest
2022,97,12.5,5/30/2022,NA,NA,NA,NA,NA,NA,NA,24,334,2,2,3,3,MTORG,NE,1,Rest
2022,97,25,5/30/2022,NA,NA,NA,NA,NA,NA,NA,30,288,4,2,2,2,MTORG,NE,1,Rest
2022,98,0,5/30/2022,NA,NA,NA,NA,NA,NA,NA,12,300,2,2,1,2,MTORG,NE,1,Rest
2022,98,12.5,5/30/2022,NA,NA,NA,NA,NA,NA,NA,2,200,2,2,1,3,MTORG,NE,1,Rest
2022,98,25,5/30/2022,NA,NA,NA,NA,NA,NA,NA,18,160,1,1,2,3,MTORG,NE,1,Rest
2022,99,0,5/30/2022,NA,NA,NA,NA,NA,NA,NA,15,327,2,1,2,2,MTORG,NE,1,Rest
2022,99,12.5,5/30/2022,NA,NA,NA,NA,NA,NA,NA,10,458,1,3,2,1,MTORG,NE,1,Rest
2022,99,25,5/30/2022,NA,NA,NA,NA,NA,NA,NA,18,305,2,2,2,3,MTORG,NE,1,Rest
2022,100,0,5/30/2022,NA,NA,NA,NA,NA,NA,NA,57,565,4,3,5,4,MTORG,NE,2,Heavy
2022,100,12.5,5/30/2022,NA,NA,NA,NA,NA,NA,NA,32,620,7,7,4,3,MTORG,NE,2,Heavy
2022,100,25,5/30/2022,NA,NA,NA,NA,NA,NA,NA,40,665,4,3,3,7,MTORG,NE,2,Heavy
2022,101,0,5/30/2022,NA,NA,NA,NA,NA,NA,NA,20,340,2,2,3,3,MTORG,NE,2,Heavy
2022,101,12.5,5/30/2022,NA,NA,NA,NA,NA,NA,NA,24,400,3,5,2,2,MTORG,NE,2,Heavy
2022,101,25,5/30/2022,NA,NA,NA,NA,NA,NA,NA,20,423,4,2,4,4,MTORG,NE,2,Heavy
2022,102,0,5/30/2022,NA,NA,NA,NA,NA,NA,NA,30,365,3,2,3,3,MTORG,NE,2,Heavy
2022,102,12.5,5/30/2022,NA,NA,NA,NA,NA,NA,NA,30,570,4,3,3,2,MTORG,NE,2,Heavy
2022,102,25,5/30/2022,NA,NA,NA,NA,NA,NA,NA,30,465,5,3,4,3,MTORG,NE,2,Heavy
2022,103,0,5/30/2022,NA,NA,NA,NA,NA,NA,NA,20,300,2,3,2,3,MTORG,NE,3,Full
2022,103,12.5,5/30/2022,NA,NA,NA,NA,NA,NA,NA,80,450,4,3,3,3,MTORG,NE,3,Full
2022,103,25,5/30/2022,NA,NA,NA,NA,NA,NA,NA,45,320,2,2,3,3,MTORG,NE,3,Full
2022,104,0,5/30/2022,NA,NA,NA,NA,NA,NA,NA,15,255,2,2,2,3,MTORG,NE,3,Full
2022,104,12.5,5/30/2022,NA,NA,NA,NA,NA,NA,NA,50,360,3,2,2,3,MTORG,NE,3,Full
2022,104,25,5/30/2022,NA,NA,NA,NA,NA,NA,NA,5,250,1,3,2,2,MTORG,NE,3,Full
2022,105,0,5/30/2022,NA,NA,NA,NA,NA,NA,NA,50,430,2,2,4,4,MTORG,NE,3,Full
2022,105,12.5,5/30/2022,NA,NA,NA,NA,NA,NA,NA,25,335,2,3,3,3,MTORG,NE,3,Full
2022,105,25,5/30/2022,NA,NA,NA,NA,NA,NA,NA,10,230,2,4,3,3,MTORG,NE,3,Full
2022,106,0,5/30/2022,NA,NA,NA,NA,NA,NA,NA,10,250,4,5,3,3,MTORG,NE,4,Moderate
2022,106,12.5,5/30/2022,NA,NA,NA,NA,NA,NA,NA,40,398,3,3,3,4,MTORG,NE,4,Moderate
2022,106,25,5/30/2022,NA,NA,NA,NA,NA,NA,NA,30,342,3,3,3,4,MTORG,NE,4,Moderate
2022,107,0,5/30/2022,NA,NA,NA,NA,NA,NA,NA,35,362,2,2,2,3,MTORG,NE,4,Moderate
2022,107,12.5,5/30/2022,NA,NA,NA,NA,NA,NA,NA,65,310,3,2,5,3,MTORG,NE,4,Moderate
2022,107,25,5/30/2022,NA,NA,NA,NA,NA,NA,NA,45,310,2,3,4,4,MTORG,NE,4,Moderate
2022,108,0,5/30/2022,NA,NA,NA,NA,NA,NA,NA,5,510,2,3,5,2,MTORG,NE,4,Moderate
2022,108,12.5,5/30/2022,NA,NA,NA,NA,NA,NA,NA,70,370,5,3,3,4,MTORG,NE,4,Moderate
2022,108,25,5/30/2022,NA,NA,NA,NA,NA,NA,NA,120,500,4,4,3,3,MTORG,NE,4,Moderate
2022,109,0,5/30/2022,NA,NA,NA,NA,NA,NA,NA,10,175,1,2,2,1,MTORG,SE,5,Rest
2022,109,12.5,5/30/2022,NA,NA,NA,NA,NA,NA,NA,15,420,2,2,3,3,MTORG,SE,5,Rest
2022,109,25,5/30/2022,NA,NA,NA,NA,NA,NA,NA,10,156,3,3,2,3,MTORG,SE,5,Rest
2022,110,0,5/30/2022,NA,NA,NA,NA,NA,NA,NA,10,320,2,2,2,3,MTORG,SE,5,Rest
2022,110,12.5,5/30/2022,NA,NA,NA,NA,NA,NA,NA,20,320,2,1,4,2,MTORG,SE,5,Rest
2022,110,25,5/30/2022,NA,NA,NA,NA,NA,NA,NA,20,570,4,4,4,3,MTORG,SE,5,Rest
2022,111,0,5/30/2022,NA,NA,NA,NA,NA,NA,NA,15,570,2,2,2,4,MTORG,SE,5,Rest
2022,111,12.5,5/30/2022,NA,NA,NA,NA,NA,NA,NA,40,273,3,3,5,3,MTORG,SE,5,Rest
2022,111,25,5/30/2022,NA,NA,NA,NA,NA,NA,NA,50,370,3,3,4,3,MTORG,SE,5,Rest
2022,112,0,5/30/2022,NA,NA,NA,NA,NA,NA,NA,30,440,2,3,2,2,MTORG,SE,6,Heavy
2022,112,12.5,5/30/2022,NA,NA,NA,NA,NA,NA,NA,8,250,2,3,2,2,MTORG,SE,6,Heavy
2022,112,25,5/30/2022,NA,NA,NA,NA,NA,NA,NA,20,271,2,2,3,4,MTORG,SE,6,Heavy
2022,113,0,5/30/2022,NA,NA,NA,NA,NA,NA,NA,40,470,3,3,2,5,MTORG,SE,6,Heavy
2022,113,12.5,5/30/2022,NA,NA,NA,NA,NA,NA,NA,30,375,2,5,2,3,MTORG,SE,6,Heavy
2022,113,25,5/30/2022,NA,NA,NA,NA,NA,NA,NA,20,540,4,3,4,3,MTORG,SE,6,Heavy
2022,114,0,5/30/2022,NA,NA,NA,NA,NA,NA,NA,40,300,2,2,2,2,MTORG,SE,6,Heavy
2022,114,12.5,5/30/2022,NA,NA,NA,NA,NA,NA,NA,50,140,2,3,2,2,MTORG,SE,6,Heavy
2022,114,25,5/30/2022,NA,NA,NA,NA,NA,NA,NA,25,340,1,2,5,3,MTORG,SE,6,Heavy
2022,117,0,6/1/2022,NA,NA,NA,NA,NA,NA,NA,30,286,4,2,2,3,MTORG,SE,7,Full
2022,117,12.5,6/1/2022,NA,NA,NA,NA,NA,NA,NA,3,265,1,2,2,6,MTORG,SE,7,Full
2022,117,25,6/1/2022,NA,NA,NA,NA,NA,NA,NA,35,300,3,2,2,3,MTORG,SE,7,Full
2022,116,0,6/1/2022,NA,NA,NA,NA,NA,NA,NA,20,520,5,4,5,4,MTORG,SE,7,Full
2022,116,12.5,6/1/2022,NA,NA,NA,NA,NA,NA,NA,25,270,3,2,4,3,MTORG,SE,7,Full
2022,116,25,6/1/2022,NA,NA,NA,NA,NA,NA,NA,35,485,3,5,4,6,MTORG,SE,7,Full
2022,115,0,6/1/2022,NA,NA,NA,NA,NA,NA,NA,35,435,6,5,4,5,MTORG,SE,7,Full
2022,115,12.5,6/1/2022,NA,NA,NA,NA,NA,NA,NA,50,470,5,7,6,4,MTORG,SE,7,Full
2022,115,25,6/1/2022,NA,NA,NA,NA,NA,NA,NA,42,405,4,5,4,6,MTORG,SE,7,Full
2022,118,0,6/1/2022,NA,NA,NA,NA,NA,NA,NA,40,500,4,5,5,5,MTORG,SE,8,Moderate
2022,118,12.5,6/1/2022,NA,NA,NA,NA,NA,NA,NA,75,510,5,6,5,4,MTORG,SE,8,Moderate
2022,118,25,6/1/2022,NA,NA,NA,NA,NA,NA,NA,50,410,5,5,5,4,MTORG,SE,8,Moderate
2022,119,0,6/1/2022,NA,NA,NA,NA,NA,NA,NA,60,375,4,3,5,4,MTORG,SE,8,Moderate
2022,119,12.5,6/1/2022,NA,NA,NA,NA,NA,NA,NA,95,490,4,3,4,4,MTORG,SE,8,Moderate
2022,119,25,6/1/2022,NA,NA,NA,NA,NA,NA,NA,80,448,3,4,4,5,MTORG,SE,8,Moderate
2022,120,0,6/1/2022,NA,NA,NA,NA,NA,NA,NA,30,195,3,4,3,3,MTORG,SE,8,Moderate
2022,120,12.5,6/1/2022,NA,NA,NA,NA,NA,NA,NA,15,343,2,5,4,4,MTORG,SE,8,Moderate
2022,120,25,6/1/2022,NA,NA,NA,NA,NA,NA,NA,40,332,4,3,4,6,MTORG,SE,8,Moderate
2022,121,0,6/1/2022,NA,NA,NA,NA,NA,NA,NA,20,385,3,3,3,4,MTORG,SW,9,Heavy
2022,121,12.5,6/1/2022,NA,NA,NA,NA,NA,NA,NA,33,630,5,8,8,2,MTORG,SW,9,Heavy
2022,121,25,6/1/2022,NA,NA,NA,NA,NA,NA,NA,10,226,2,3,2,3,MTORG,SW,9,Heavy
2022,122,0,6/1/2022,NA,NA,NA,NA,NA,NA,NA,44,390,3,3,3,2,MTORG,SW,9,Heavy
2022,122,12.5,6/1/2022,NA,NA,NA,NA,NA,NA,NA,30,610,3,4,3,5,MTORG,SW,9,Heavy
2022,122,25,6/1/2022,NA,NA,NA,NA,NA,NA,NA,47,460,4,5,6,5,MTORG,SW,9,Heavy
2022,123,0,6/1/2022,NA,NA,NA,NA,NA,NA,NA,25,379,3,4,6,4,MTORG,SW,9,Heavy
2022,123,12.5,6/1/2022,NA,NA,NA,NA,NA,NA,NA,20,480,3,5,5,4,MTORG,SW,9,Heavy
2022,123,25,6/1/2022,NA,NA,NA,NA,NA,NA,NA,18,580,5,7,5,5,MTORG,SW,9,Heavy
2022,124,0,6/1/2022,NA,NA,NA,NA,NA,NA,NA,50,520,4,3,4,6,MTORG,SW,10,Full
2022,124,12.5,6/1/2022,NA,NA,NA,NA,NA,NA,NA,5,590,4,4,5,5,MTORG,SW,10,Full
2022,124,25,6/1/2022,NA,NA,NA,NA,NA,NA,NA,30,535,6,5,4,7,MTORG,SW,10,Full
2022,125,0,6/1/2022,NA,NA,NA,NA,NA,NA,NA,50,510,3,4,4,4,MTORG,SW,10,Full
2022,125,12.5,6/1/2022,NA,NA,NA,NA,NA,NA,NA,3,83,3,2,4,4,MTORG,SW,10,Full
2022,125,25,6/1/2022,NA,NA,NA,NA,NA,NA,NA,33,345,2,2,4,5,MTORG,SW,10,Full
2022,126,0,6/1/2022,NA,NA,NA,NA,NA,NA,NA,20,372,2,2,4,3,MTORG,SW,10,Full
2022,126,12.5,6/1/2022,NA,NA,NA,NA,NA,NA,NA,35,325,4,3,4,4,MTORG,SW,10,Full
2022,126,25,6/1/2022,NA,NA,NA,NA,NA,NA,NA,25,450,3,2,4,4,MTORG,SW,10,Full
2022,127,0,6/2/2022,NA,NA,NA,NA,NA,NA,NA,15,366,4,4,3,3,MTORG,SW,11,Moderate
2022,127,12.5,6/2/2022,NA,NA,NA,NA,NA,NA,NA,20,385,4,4,2,2,MTORG,SW,11,Moderate
2022,127,25,6/2/2022,NA,NA,NA,NA,NA,NA,NA,5,290,3,5,3,3,MTORG,SW,11,Moderate
2022,128,0,6/2/2022,NA,NA,NA,NA,NA,NA,NA,83,525,6,5,5,5,MTORG,SW,11,Moderate
2022,128,12.5,6/2/2022,NA,NA,NA,NA,NA,NA,NA,80,522,4,5,8,5,MTORG,SW,11,Moderate
2022,128,25,6/2/2022,NA,NA,NA,NA,NA,NA,NA,95,527,6,5,4,5,MTORG,SW,11,Moderate
2022,129,0,6/2/2022,NA,NA,NA,NA,NA,NA,NA,30,500,4,5,4,4,MTORG,SW,11,Moderate
2022,129,12.5,6/2/2022,NA,NA,NA,NA,NA,NA,NA,50,460,4,4,3,5,MTORG,SW,11,Moderate
2022,129,25,6/2/2022,NA,NA,NA,NA,NA,NA,NA,50,530,7,6,6,7,MTORG,SW,11,Moderate
2022,130,0,6/2/2022,NA,NA,NA,NA,NA,NA,NA,40,540,4,4,5,4,MTORG,SW,12,Rest
2022,130,12.5,6/2/2022,NA,NA,NA,NA,NA,NA,NA,30,380,5,3,3,5,MTORG,SW,12,Rest
2022,130,25,6/2/2022,NA,NA,NA,NA,NA,NA,NA,10,482,3,3,3,3,MTORG,SW,12,Rest
2022,131,0,6/2/2022,NA,NA,NA,NA,NA,NA,NA,40,400,3,3,6,4,MTORG,SW,12,Rest
2022,131,12.5,6/2/2022,NA,NA,NA,NA,NA,NA,NA,50,450,4,5,4,2,MTORG,SW,12,Rest
2022,131,25,6/2/2022,NA,NA,NA,NA,NA,NA,NA,15,550,4,4,6,4,MTORG,SW,12,Rest
2022,132,0,6/2/2022,NA,NA,NA,NA,NA,NA,NA,8,230,3,4,3,4,MTORG,SW,12,Rest
2022,132,12.5,6/2/2022,NA,NA,NA,NA,NA,NA,NA,15,540,3,3,4,3,MTORG,SW,12,Rest
2022,132,25,6/2/2022,NA,NA,NA,NA,NA,NA,NA,35,435,3,5,5,5,MTORG,SW,12,Rest
2022,97,0,7/22/2022,63,15,15,3,38,0,15,23,1239,13,9,11,12,MTORG,NE,1,Rest
2022,97,12.5,7/22/2022,63,38,15,0,38,0,15,5,968,10,9,8,9,MTORG,NE,1,Rest
2022,97,25,7/22/2022,38,15,15,0,38,0,15,44,980,8,9,9,13,MTORG,NE,1,Rest
2022,98,0,7/22/2022,38,0,15,15,15,38,0,3,1004,12,11,9,8,MTORG,NE,1,Rest
2022,98,12.5,7/22/2022,15,15,15,63,0,85,0,0,1229,10,10,9,11,MTORG,NE,1,Rest
2022,98,25,7/22/2022,15,15,15,38,15,85,0,7,1249,8,8,11,9,MTORG,NE,1,Rest
2022,99,0,7/22/2022,63,38,38,15,63,0,0,31,904,3,7,6,7,MTORG,NE,1,Rest
2022,99,12.5,7/22/2022,38,15,38,15,38,0,15,19,837,6,6,7,10,MTORG,NE,1,Rest
2022,99,25,7/22/2022,38,38,38,15,15,3,15,5,855,5,5,6,8,MTORG,NE,1,Rest
2022,102,0,7/22/2022,85,38,38,15,15,0,15,4,641,7,5,5,5,MTORG,NE,2,Heavy
2022,102,12.5,7/22/2022,38,38,15,0,63,3,3,10,792,4,4,5,7,MTORG,NE,2,Heavy
2022,102,25,7/22/2022,38,38,15,3,38,15,15,20,759,5,4,5,6,MTORG,NE,2,Heavy
2022,101,0,7/22/2022,63,38,38,15,38,3,3,3,673,3,4,4,3,MTORG,NE,2,Heavy
2022,101,12.5,7/22/2022,38,38,15,3,15,0,15,10,649,7,7,6,6,MTORG,NE,2,Heavy
2022,101,25,7/22/2022,63,15,15,3,15,0,15,30,535,6,6,5,7,MTORG,NE,2,Heavy
2022,100,0,7/22/2022,63,15,3,0,38,0,15,50,909,8,7,8,8,MTORG,NE,2,Heavy
2022,100,12.5,7/22/2022,38,38,15,3,38,0,15,58,915,7,7,6,8,MTORG,NE,2,Heavy
2022,100,25,7/22/2022,15,38,15,15,15,0,15,38,410,5,5,7,4,MTORG,NE,2,Heavy
2022,105,0,7/22/2022,63,15,15,0,15,15,0,17,745,7,5,9,6,MTORG,NE,3,Full
2022,105,12.5,7/22/2022,63,38,15,3,3,0,15,38,540,5,5,7,4,MTORG,NE,3,Full
2022,105,25,7/22/2022,63,38,63,0,15,0,15,41,677,4,6,5,5,MTORG,NE,3,Full
2022,104,0,7/22/2022,63,15,38,15,3,0,15,7,437,6,1,1,2,MTORG,NE,3,Full
2022,104,12.5,7/22/2022,38,0,38,15,3,0,3,9,422,2,3,4,1,MTORG,NE,3,Full
2022,104,25,7/22/2022,38,0,38,38,15,0,15,24,466,6,4,5,2,MTORG,NE,3,Full
2022,103,0,7/22/2022,63,15,15,0,15,0,15,46,847,4,8,5,7,MTORG,NE,3,Full
2022,103,12.5,7/22/2022,63,15,15,0,15,0,15,41,801,4,4,4,8,MTORG,NE,3,Full
2022,103,25,7/22/2022,85,38,15,0,15,0,15,37,840,5,8,5,4,MTORG,NE,3,Full
2022,108,0,7/28/2022,85,38,3,0,15,0,15,55,1125,11,14,11,11,MTORG,NE,4,Moderate
2022,108,12.5,7/28/2022,85,15,15,0,38,0,15,80,805,9,14,7,11,MTORG,NE,4,Moderate
2022,108,25,7/28/2022,85,3,3,0,15,3,15,34,911,5,6,10,7,MTORG,NE,4,Moderate
2022,107,0,7/28/2022,38,38,15,3,38,0,0,11,970,6,11,11,10,MTORG,NE,4,Moderate
2022,107,12.5,7/28/2022,85,15,3,0,38,3,3,39,732,6,8,11,6,MTORG,NE,4,Moderate
2022,107,25,7/28/2022,63,38,15,3,38,0,38,36,674,6,5,7,6,MTORG,NE,4,Moderate
2022,106,0,7/28/2022,38,63,15,15,38,0,15,26,819,7,12,8,10,MTORG,NE,4,Moderate
2022,106,12.5,7/28/2022,63,38,15,3,15,0,15,30,713,7,5,6,4,MTORG,NE,4,Moderate
2022,106,25,7/28/2022,15,63,38,3,15,0,38,21,1196,9,11,10,14,MTORG,NE,4,Moderate
2022,109,0,7/28/2022,63,38,15,0,15,0,63,30,921,10,10,12,9,MTORG,SE,5,Rest
2022,109,12.5,7/28/2022,38,3,3,0,38,0,85,78,902,10,9,17,11,MTORG,SE,5,Rest
2022,109,25,7/28/2022,63,85,3,0,38,0,15,7,655,10,7,7,8,MTORG,SE,5,Rest
2022,110,0,7/28/2022,63,0,3,0,38,0,63,19,884,10,9,9,8,MTORG,SE,5,Rest
2022,110,12.5,7/28/2022,63,15,15,15,38,3,38,10,798,7,7,4,6,MTORG,SE,5,Rest
2022,110,25,7/28/2022,85,15,15,0,38,0,15,8,721,7,7,8,6,MTORG,SE,5,Rest
2022,111,0,7/28/2022,38,15,63,0,38,0,15,17,549,4,5,5,6,MTORG,SE,5,Rest
2022,111,12.5,7/28/2022,85,3,3,0,15,0,63,28,756,9,8,10,9,MTORG,SE,5,Rest
2022,111,25,7/28/2022,38,38,38,0,15,0,3,1,941,4,11,7,8,MTORG,SE,5,Rest
2022,112,0,7/27/2022,98,0,3,0,0,0,3,3,239,2,1,3,2,MTORG,SE,6,Heavy
2022,112,12.5,7/27/2022,85,0,63,0,3,0,0,4,380,2,2,1,2,MTORG,SE,6,Heavy
2022,112,25,7/27/2022,85,0,38,3,3,0,3,48,549,4,3,3,3,MTORG,SE,6,Heavy
2022,113,0,7/27/2022,63,63,15,3,15,0,15,17,639,4,8,6,5,MTORG,SE,6,Heavy
2022,113,12.5,7/27/2022,38,63,15,0,15,0,3,11,500,3,4,4,4,MTORG,SE,6,Heavy
2022,113,25,7/27/2022,85,15,3,15,15,3,15,19,752,5,3,7,7,MTORG,SE,6,Heavy
2022,114,0,7/27/2022,63,3,63,3,15,3,15,15,461,2,3,3,4,MTORG,SE,6,Heavy
2022,114,12.5,7/27/2022,38,85,38,0,3,0,15,18,373,3,3,2,3,MTORG,SE,6,Heavy
2022,114,25,7/27/2022,63,3,15,15,15,3,15,36,568,4,5,7,5,MTORG,SE,6,Heavy
2022,115,0,7/27/2022,63,3,15,3,3,0,38,42,575,5,6,5,4,MTORG,SE,7,Full
2022,115,12.5,7/27/2022,63,15,15,3,15,0,63,51,709,5,5,5,5,MTORG,SE,7,Full
2022,115,25,7/27/2022,85,0,3,15,3,0,38,55,880,7,5,4,9,MTORG,SE,7,Full
2022,116,0,7/27/2022,63,0,15,0,15,0,38,45,561,3,5,4,5,MTORG,SE,7,Full
2022,116,12.5,7/27/2022,63,3,38,3,15,0,15,11,542,5,3,4,5,MTORG,SE,7,Full
2022,116,25,7/27/2022,85,0,15,0,3,0,38,32,766,12,7,5,4,MTORG,SE,7,Full
2022,117,0,7/27/2022,15,0,85,15,3,0,3,1,465,1,2,1,1,MTORG,SE,7,Full
2022,117,12.5,7/27/2022,38,0,38,15,15,0,0,1,462,1,3,2,4,MTORG,SE,7,Full
2022,117,25,7/27/2022,15,0,38,15,3,0,15,49,565,3,3,6,3,MTORG,SE,7,Full
2022,120,0,7/27/2022,63,15,15,0,38,15,15,30,600,5,6,7,6,MTORG,SE,8,Moderate
2022,120,12.5,7/27/2022,63,0,15,0,3,3,63,65,680,6,7,8,7,MTORG,SE,8,Moderate
2022,120,25,7/27/2022,85,15,15,0,15,3,15,35,750,6,6,7,4,MTORG,SE,8,Moderate
2022,119,0,7/27/2022,85,15,38,15,15,0,15,30,880,7,2,11,7,MTORG,SE,8,Moderate
2022,119,12.5,7/27/2022,63,0,15,0,15,0,38,55,805,4,6,6,7,MTORG,SE,8,Moderate
2022,119,25,7/27/2022,63,0,15,0,38,3,38,92,725,6,6,6,6,MTORG,SE,8,Moderate
2022,118,0,7/27/2022,85,38,38,0,15,0,15,109,1155,4,7,9,2,MTORG,SE,8,Moderate
2022,118,12.5,7/27/2022,63,63,15,0,15,0,15,72,732,3,12,11,9,MTORG,SE,8,Moderate
2022,118,25,7/27/2022,0,38,15,0,0,0,38,92,1008,3,7,7,9,MTORG,SE,8,Moderate
2022,123,0,8/1/2022,38,85,3,0,15,0,15,68,721,6,7,10,8,MTORG,SW,9,Heavy
2022,123,12.5,8/1/2022,85,10,3,0,3,0,15,14,745,8,6,8,8,MTORG,SW,9,Heavy
2022,123,25,8/1/2022,85,3,0,15,15,0,38,57,525,7,6,7,7,MTORG,SW,9,Heavy
2022,122,0,8/1/2022,85,0,3,0,15,0,38,44,760,7,6,8,9,MTORG,SW,9,Heavy
2022,122,12.5,8/1/2022,85,3,0,15,38,3,15,44,811,8,8,6,7,MTORG,SW,9,Heavy
2022,122,25,8/1/2022,63,0,3,15,63,0,15,14,555,4,5,5,5,MTORG,SW,9,Heavy
2022,121,0,8/1/2022,63,0,15,3,38,3,38,2,803,7,7,6,6,MTORG,SW,9,Heavy
2022,121,12.5,8/1/2022,63,15,15,0,15,3,15,16,810,5,5,5,7,MTORG,SW,9,Heavy
2022,121,25,8/1/2022,85,38,3,0,15,0,0,26,710,5,4,4,4,MTORG,SW,9,Heavy
2022,126,0,8/1/2022,63,15,38,3,3,3,15,43,710,7,6,6,5,MTORG,SW,10,Full
2022,126,12.5,8/1/2022,85,38,3,15,15,0,15,34,867,8,5,9,6,MTORG,SW,10,Full
2022,126,25,8/1/2022,85,3,38,0,15,3,0,42,612,6,6,7,3,MTORG,SW,10,Full
2022,125,0,8/1/2022,85,0,3,0,15,0,15,53,637,8,13,7,5,MTORG,SW,10,Full
2022,125,12.5,8/1/2022,63,15,38,15,15,3,15,17,615,7,5,6,3,MTORG,SW,10,Full
2022,125,25,8/1/2022,63,3,15,15,15,0,63,32,670,6,5,5,6,MTORG,SW,10,Full
2022,124,0,8/1/2022,85,0,15,0,3,0,15,28,740,6,7,8,8,MTORG,SW,10,Full
2022,124,12.5,8/1/2022,85,0,0,0,15,0,38,83,850,9,9,10,9,MTORG,SW,10,Full
2022,124,25,8/1/2022,85,0,3,0,38,0,38,64,784,7,7,8,9,MTORG,SW,10,Full
2022,129,0,8/1/2022,85,15,0,0,38,0,15,47,1011,8,10,8,8,MTORG,SW,11,Moderate
2022,129,12.5,8/1/2022,85,3,3,0,15,0,38,96,855,7,8,8,6,MTORG,SW,11,Moderate
2022,129,25,8/1/2022,38,15,3,3,15,0,85,47,1116,10,10,10,10,MTORG,SW,11,Moderate
2022,128,0,8/1/2022,85,3,3,0,38,0,38,48,780,6,8,6,9,MTORG,SW,11,Moderate
2022,128,12.5,8/1/2022,85,15,0,0,15,0,38,43,1105,10,11,7,7,MTORG,SW,11,Moderate
2022,128,25,8/1/2022,63,63,3,0,38,0,15,21,1072,7,12,18,12,MTORG,SW,11,Moderate
2022,127,0,8/1/2022,38,0,38,15,38,15,0,10,495,6,6,5,6,MTORG,SW,11,Moderate
2022,127,12.5,8/1/2022,63,15,38,15,15,15,0,7,736,6,3,4,7,MTORG,SW,11,Moderate
2022,127,25,8/1/2022,98,15,3,0,15,3,0,27,740,7,6,6,4,MTORG,SW,11,Moderate
2022,132,0,8/2/2022,85,3,3,3,15,3,0,18,665,7,6,7,8,MTORG,SW,12,Rest
2022,132,12.5,8/2/2022,85,0,0,0,15,0,38,96,916,10,8,10,13,MTORG,SW,12,Rest
2022,132,25,8/2/2022,85,0,0,0,38,0,15,94,974,9,9,11,10,MTORG,SW,12,Rest
2022,131,0,8/2/2022,38,63,3,0,15,0,15,64,1016,11,13,10,11,MTORG,SW,12,Rest
2022,131,12.5,8/2/2022,85,0,15,0,15,0,15,20,890,8,8,7,8,MTORG,SW,12,Rest
2022,131,25,8/2/2022,85,0,15,15,15,3,15,54,831,8,9,8,7,MTORG,SW,12,Rest
2022,130,0,8/2/2022,38,63,15,15,15,0,0,27,1112,13,14,15,11,MTORG,SW,12,Rest
2022,130,12.5,8/2/2022,63,15,15,0,38,3,15,31,910,8,10,12,8,MTORG,SW,12,Rest
2022,130,25,8/2/2022,63,3,15,15,15,3,38,30,787,9,8,8,9,MTORG,SW,12,Rest
2022,133,0,7/21/2022,15,85,15,0,38,0,15,25,585,3,5,5,6,MTORG,NW,13,Heavy
2022,133,12.5,7/21/2022,3,63,15,0,63,0,15,63,641,5,4,4,5,MTORG,NW,13,Heavy
2022,133,25,7/21/2022,38,38,15,3,15,0,63,41,718,7,4,4,3,MTORG,NW,13,Heavy
2022,134,0,7/21/2022,38,63,15,0,38,0,0,3,775,5,6,5,5,MTORG,NW,13,Heavy
2022,134,12.5,7/21/2022,63,85,15,0,15,3,3,31,586,4,5,7,5,MTORG,NW,13,Heavy
2022,134,25,7/21/2022,38,63,15,0,15,0,38,34,620,3,3,4,3,MTORG,NW,13,Heavy
2022,135,0,7/21/2022,63,38,15,3,38,0,3,17,363,2,2,3,2,MTORG,NW,13,Heavy
2022,135,12.5,7/21/2022,38,63,15,15,15,0,15,3,473,4,2,2,7,MTORG,NW,13,Heavy
2022,135,25,7/21/2022,63,15,15,15,38,3,3,11,751,8,4,5,6,MTORG,NW,13,Heavy
2022,136,0,7/22/2022,63,38,38,15,15,0,15,14,760,2,3,3,1,MTORG,NW,14,Full
2022,136,12.5,7/22/2022,85,38,15,0,15,0,3,25,462,5,11,4,8,MTORG,NW,14,Full
2022,136,25,7/22/2022,38,85,15,0,15,3,0,26,648,4,5,4,5,MTORG,NW,14,Full
2022,137,0,7/22/2022,85,38,15,0,38,15,15,16,795,5,5,11,9,MTORG,NW,14,Full
2022,137,12.5,7/22/2022,98,0,15,0,15,0,38,30,749,6,5,5,7,MTORG,NW,14,Full
2022,137,25,7/22/2022,85,15,15,0,15,0,38,23,787,6,5,7,7,MTORG,NW,14,Full
2022,138,0,7/22/2022,63,15,15,0,38,3,0,27,960,8,6,6,7,MTORG,NW,14,Full
2022,138,12.5,7/22/2022,85,15,3,0,15,0,3,25,805,2,5,8,7,MTORG,NW,14,Full
2022,138,25,7/22/2022,63,38,15,0,15,3,15,31,887,6,4,7,6,MTORG,NW,14,Full
2022,141,0,7/21/2022,85,15,38,0,15,0,15,52,1065,8,11,11,11,MTORG,NW,15,Moderate
2022,141,12.5,7/21/2022,85,38,38,0,15,0,3,84,1110,8,13,11,13,MTORG,NW,15,Moderate
2022,141,25,7/21/2022,38,63,38,0,3,0,0,110,1290,9,9,9,10,MTORG,NW,15,Moderate
2022,139,0,7/22/2022,85,38,0,0,38,0,15,54,1239,8,10,13,13,MTORG,NW,15,Moderate
2022,139,12.5,7/22/2022,85,63,15,0,15,3,0,75,840,10,8,8,8,MTORG,NW,15,Moderate
2022,139,25,7/22/2022,63,63,15,0,38,0,0,28,964,8,9,10,9,MTORG,NW,15,Moderate
2022,140,0,7/22/2022,63,15,15,0,15,0,38,44,795,12,8,9,10,MTORG,NW,15,Moderate
2022,140,12.5,7/22/2022,63,63,15,0,15,0,38,10,971,8,7,9,11,MTORG,NW,15,Moderate
2022,140,25,7/22/2022,63,63,15,0,15,0,38,77,1265,13,13,12,12,MTORG,NW,15,Moderate
2022,144,0,7/21/2022,15,0,15,0,98,3,3,17,820,5,7,9,9,MTORG,NW,16,Rest
2022,144,12.5,7/21/2022,15,38,15,0,63,0,3,20,1035,9,10,9,9,MTORG,NW,16,Rest
2022,144,25,7/21/2022,63,3,15,0,85,3,15,20,1230,9,9,10,9,MTORG,NW,16,Rest
2022,143,0,7/21/2022,85,15,15,0,15,0,15,10,640,5,6,10,5,MTORG,NW,16,Rest
2022,143,12.5,7/21/2022,38,38,38,15,63,3,0,9,785,6,5,6,5,MTORG,NW,16,Rest
2022,143,25,7/21/2022,38,38,15,38,63,3,0,3,941,8,8,6,7,MTORG,NW,16,Rest
2022,142,0,7/21/2022,38,63,15,0,15,0,38,20,1237,13,12,14,11,MTORG,NW,16,Rest
2022,142,12.5,7/21/2022,0,0,15,15,3,98,0,6,1615,16,15,16,17,MTORG,NW,16,Rest
2022,142,25,7/21/2022,63,15,15,0,85,0,3,33,908,10,10,8,10,MTORG,NW,16,Rest
2023,97,0,8/1/2023,NA,NA,NA,NA,NA,NA,NA,64,NA,4,7,5,4,MTORG,NE,1,Moderate
2023,97,12.5,8/1/2023,NA,NA,NA,NA,NA,NA,NA,48,NA,4,4,6,4,MTORG,NE,1,Moderate
2023,97,25,8/1/2023,NA,NA,NA,NA,NA,NA,NA,83,NA,2,2,3,4,MTORG,NE,1,Moderate
2023,98,0,8/1/2023,NA,NA,NA,NA,NA,NA,NA,30,NA,4,4,4,4,MTORG,NE,1,Moderate
2023,98,12.5,8/1/2023,NA,NA,NA,NA,NA,NA,NA,39,NA,2,2,3,2,MTORG,NE,1,Moderate
2023,98,25,8/1/2023,NA,NA,NA,NA,NA,NA,NA,25,NA,2,5,2,2,MTORG,NE,1,Moderate
2023,99,0,8/1/2023,NA,NA,NA,NA,NA,NA,NA,54,NA,4,4,3,4,MTORG,NE,1,Moderate
2023,99,12.5,8/1/2023,NA,NA,NA,NA,NA,NA,NA,28,NA,5,5,4,5,MTORG,NE,1,Moderate
2023,99,25,8/1/2023,NA,NA,NA,NA,NA,NA,NA,35,NA,4,4,4,4,MTORG,NE,1,Moderate
2023,100,0,8/1/2023,NA,NA,NA,NA,NA,NA,NA,8,NA,4,4,3,5,MTORG,NE,2,Rest
2023,100,12.5,8/1/2023,NA,NA,NA,NA,NA,NA,NA,30,NA,7,6,6,6,MTORG,NE,2,Rest
2023,100,25,8/1/2023,NA,NA,NA,NA,NA,NA,NA,85,NA,6,4,5,4,MTORG,NE,2,Rest
2023,101,0,8/1/2023,NA,NA,NA,NA,NA,NA,NA,75,NA,6,5,10,6,MTORG,NE,2,Rest
2023,101,12.5,8/1/2023,NA,NA,NA,NA,NA,NA,NA,13,NA,4,4,6,4,MTORG,NE,2,Rest
2023,101,25,8/1/2023,NA,NA,NA,NA,NA,NA,NA,30,NA,3,2,2,2,MTORG,NE,2,Rest
2023,102,0,8/1/2023,NA,NA,NA,NA,NA,NA,NA,5,NA,6,6,6,6,MTORG,NE,2,Rest
2023,102,12.5,8/1/2023,NA,NA,NA,NA,NA,NA,NA,8,NA,10,10,7,7,MTORG,NE,2,Rest
2023,102,25,8/1/2023,NA,NA,NA,NA,NA,NA,NA,23,NA,6,4,5,5,MTORG,NE,2,Rest
2023,103,0,8/2/2023,NA,NA,NA,NA,NA,NA,NA,0,NA,1,2,3,2,MTORG,NE,3,Heavy
2023,103,12.5,8/2/2023,NA,NA,NA,NA,NA,NA,NA,35,NA,4,4,3,2,MTORG,NE,3,Heavy
2023,103,25,8/2/2023,NA,NA,NA,NA,NA,NA,NA,2,NA,3,4,4,4,MTORG,NE,3,Heavy
2023,104,0,8/2/2023,NA,NA,NA,NA,NA,NA,NA,15,NA,4,2,1,2,MTORG,NE,3,Heavy
2023,104,12.5,8/2/2023,NA,NA,NA,NA,NA,NA,NA,45,NA,4,4,6,3,MTORG,NE,3,Heavy
2023,104,25,8/2/2023,NA,NA,NA,NA,NA,NA,NA,5,NA,2,1,2,2,MTORG,NE,3,Heavy
2023,105,0,8/2/2023,NA,NA,NA,NA,NA,NA,NA,0,NA,1,1,2,2,MTORG,NE,3,Heavy
2023,105,12.5,8/2/2023,NA,NA,NA,NA,NA,NA,NA,28,NA,5,4,5,3,MTORG,NE,3,Heavy
2023,105,25,8/2/2023,NA,NA,NA,NA,NA,NA,NA,20,NA,4,3,3,3,MTORG,NE,3,Heavy
2023,106,0,8/2/2023,NA,NA,NA,NA,NA,NA,NA,54,NA,5,6,6,6,MTORG,NE,4,Full
2023,106,12.5,8/2/2023,NA,NA,NA,NA,NA,NA,NA,45,NA,4,4,2,4,MTORG,NE,4,Full
2023,106,25,8/2/2023,NA,NA,NA,NA,NA,NA,NA,20,NA,3,3,5,2,MTORG,NE,4,Full
2023,107,0,8/2/2023,NA,NA,NA,NA,NA,NA,NA,20,NA,4,4,4,3,MTORG,NE,4,Full
2023,107,12.5,8/2/2023,NA,NA,NA,NA,NA,NA,NA,18,NA,1,1,1,1,MTORG,NE,4,Full
2023,107,25,8/2/2023,NA,NA,NA,NA,NA,NA,NA,48,NA,2,2,1,1,MTORG,NE,4,Full
2023,108,0,8/2/2023,NA,NA,NA,NA,NA,NA,NA,42,NA,3,3,1,2,MTORG,NE,4,Full
2023,108,12.5,8/2/2023,NA,NA,NA,NA,NA,NA,NA,35,NA,2,2,5,2,MTORG,NE,4,Full
2023,108,25,8/2/2023,NA,NA,NA,NA,NA,NA,NA,28,NA,4,4,10,4,MTORG,NE,4,Full
2023,111,0,8/1/2023,NA,NA,NA,NA,NA,NA,NA,28,NA,3,2,3,3,MTORG,SE,5,Moderate
2023,111,12.5,8/1/2023,NA,NA,NA,NA,NA,NA,NA,11,NA,5,5,6,5,MTORG,SE,5,Moderate
2023,111,25,8/1/2023,NA,NA,NA,NA,NA,NA,NA,16,NA,4,3,3,3,MTORG,SE,5,Moderate
2023,110,0,8/1/2023,NA,NA,NA,NA,NA,NA,NA,6,NA,3,3,3,4,MTORG,SE,5,Moderate
2023,110,12.5,8/1/2023,NA,NA,NA,NA,NA,NA,NA,17,NA,4,4,5,6,MTORG,SE,5,Moderate
2023,110,25,8/1/2023,NA,NA,NA,NA,NA,NA,NA,3,NA,4,3,3,3,MTORG,SE,5,Moderate
2023,109,0,8/1/2023,NA,NA,NA,NA,NA,NA,NA,4,NA,7,5,4,6,MTORG,SE,5,Moderate
2023,109,12.5,8/1/2023,NA,NA,NA,NA,NA,NA,NA,16,NA,9,6,8,7,MTORG,SE,5,Moderate
2023,109,25,8/1/2023,NA,NA,NA,NA,NA,NA,NA,11,NA,6,4,6,5,MTORG,SE,5,Moderate
2023,112,0,8/2/2023,NA,NA,NA,NA,NA,NA,NA,2,NA,2,3,3,2,MTORG,SE,6,Rest
2023,112,12.5,8/2/2023,NA,NA,NA,NA,NA,NA,NA,8,NA,3,3,4,3,MTORG,SE,6,Rest
2023,112,25,8/2/2023,NA,NA,NA,NA,NA,NA,NA,18,NA,3,4,4,3,MTORG,SE,6,Rest
2023,113,0,8/2/2023,NA,NA,NA,NA,NA,NA,NA,6,NA,5,7,4,5,MTORG,SE,6,Rest
2023,113,12.5,8/2/2023,NA,NA,NA,NA,NA,NA,NA,11,NA,4,7,5,3,MTORG,SE,6,Rest
2023,113,25,8/2/2023,NA,NA,NA,NA,NA,NA,NA,21,NA,6,5,4,4,MTORG,SE,6,Rest
2023,114,0,8/2/2023,NA,NA,NA,NA,NA,NA,NA,13,NA,2,3,3,3,MTORG,SE,6,Rest
2023,114,12.5,8/2/2023,NA,NA,NA,NA,NA,NA,NA,2,NA,3,2,3,3,MTORG,SE,6,Rest
2023,114,25,8/2/2023,NA,NA,NA,NA,NA,NA,NA,10,NA,3,3,3,3,MTORG,SE,6,Rest
2023,115,0,8/2/2023,NA,NA,NA,NA,NA,NA,NA,22,NA,5,3,6,4,MTORG,SE,7,Heavy
2023,115,12.5,8/2/2023,NA,NA,NA,NA,NA,NA,NA,11,NA,6,6,6,6,MTORG,SE,7,Heavy
2023,115,25,8/2/2023,NA,NA,NA,NA,NA,NA,NA,13,NA,5,3,3,3,MTORG,SE,7,Heavy
2023,116,0,8/2/2023,NA,NA,NA,NA,NA,NA,NA,19,NA,7,4,7,7,MTORG,SE,7,Heavy
2023,116,12.5,8/2/2023,NA,NA,NA,NA,NA,NA,NA,5,NA,4,3,4,3,MTORG,SE,7,Heavy
2023,116,25,8/2/2023,NA,NA,NA,NA,NA,NA,NA,25,NA,3,4,5,5,MTORG,SE,7,Heavy
2023,117,0,8/2/2023,NA,NA,NA,NA,NA,NA,NA,7,NA,3,5,2,3,MTORG,SE,7,Heavy
2023,117,12.5,8/2/2023,NA,NA,NA,NA,NA,NA,NA,5,NA,1,1,2,2,MTORG,SE,7,Heavy
2023,117,25,8/2/2023,NA,NA,NA,NA,NA,NA,NA,11,NA,1,1,1,1,MTORG,SE,7,Heavy
2023,119,0,8/2/2023,NA,NA,NA,NA,NA,NA,NA,22,NA,2,3,3,3,MTORG,SE,8,Full
2023,119,12.5,8/2/2023,NA,NA,NA,NA,NA,NA,NA,31,NA,5,4,5,6,MTORG,SE,8,Full
2023,119,25,8/2/2023,NA,NA,NA,NA,NA,NA,NA,9,NA,3,3,6,4,MTORG,SE,8,Full
2023,118,0,8/2/2023,NA,NA,NA,NA,NA,NA,NA,16,NA,3,4,4,3,MTORG,SE,8,Full
2023,118,12.5,8/2/2023,NA,NA,NA,NA,NA,NA,NA,12,NA,6,4,3,4,MTORG,SE,8,Full
2023,118,25,8/2/2023,NA,NA,NA,NA,NA,NA,NA,15,NA,5,6,5,6,MTORG,SE,8,Full
2023,120,0,8/2/2023,NA,NA,NA,NA,NA,NA,NA,30,NA,3,4,2,3,MTORG,SE,8,Full
2023,120,12.5,8/2/2023,NA,NA,NA,NA,NA,NA,NA,12,NA,3,3,3,2,MTORG,SE,8,Full
2023,120,25,8/2/2023,NA,NA,NA,NA,NA,NA,NA,3,NA,2,2,3,4,MTORG,SE,8,Full
2023,121,0,8/3/2023,NA,NA,NA,NA,NA,NA,NA,9,NA,4,4,4,3,MTORG,SW,9,Rest
2023,121,12.5,8/3/2023,NA,NA,NA,NA,NA,NA,NA,1,NA,3,2,2,2,MTORG,SW,9,Rest
2023,121,25,8/3/2023,NA,NA,NA,NA,NA,NA,NA,3,NA,3,4,6,6,MTORG,SW,9,Rest
2023,122,0,8/3/2023,NA,NA,NA,NA,NA,NA,NA,11,NA,7,6,5,6,MTORG,SW,9,Rest
2023,122,12.5,8/3/2023,NA,NA,NA,NA,NA,NA,NA,42,NA,7,8,7,8,MTORG,SW,9,Rest
2023,122,25,8/3/2023,NA,NA,NA,NA,NA,NA,NA,33,NA,5,6,5,6,MTORG,SW,9,Rest
2023,123,0,8/3/2023,NA,NA,NA,NA,NA,NA,NA,35,NA,8,6,6,6,MTORG,SW,9,Rest
2023,123,12.5,8/3/2023,NA,NA,NA,NA,NA,NA,NA,9,NA,4,5,7,7,MTORG,SW,9,Rest
2023,123,25,8/3/2023,NA,NA,NA,NA,NA,NA,NA,11,NA,4,5,4,5,MTORG,SW,9,Rest
2023,124,0,8/3/2023,NA,NA,NA,NA,NA,NA,NA,20,NA,4,6,5,5,MTORG,SW,10,Heavy
2023,124,12.5,8/3/2023,NA,NA,NA,NA,NA,NA,NA,17,NA,5,7,6,6,MTORG,SW,10,Heavy
2023,124,25,8/3/2023,NA,NA,NA,NA,NA,NA,NA,32,NA,6,5,8,8,MTORG,SW,10,Heavy
2023,125,0,8/3/2023,NA,NA,NA,NA,NA,NA,NA,3,NA,4,4,5,4,MTORG,SW,10,Heavy
2023,125,12.5,8/3/2023,NA,NA,NA,NA,NA,NA,NA,6,NA,1,4,2,2,MTORG,SW,10,Heavy
2023,125,25,8/3/2023,NA,NA,NA,NA,NA,NA,NA,21,NA,4,6,5,4,MTORG,SW,10,Heavy
2023,126,0,8/3/2023,NA,NA,NA,NA,NA,NA,NA,2,NA,2,2,2,2,MTORG,SW,10,Heavy
2023,126,12.5,8/3/2023,NA,NA,NA,NA,NA,NA,NA,4,NA,2,2,4,2,MTORG,SW,10,Heavy
2023,126,25,8/3/2023,NA,NA,NA,NA,NA,NA,NA,3,NA,4,4,5,4,MTORG,SW,10,Heavy
2023,127,0,8/3/2023,NA,NA,NA,NA,NA,NA,NA,19,NA,2,2,2,4,MTORG,SW,11,Full
2023,127,12.5,8/3/2023,NA,NA,NA,NA,NA,NA,NA,0,NA,1,1,3,1,MTORG,SW,11,Full
2023,127,25,8/3/2023,NA,NA,NA,NA,NA,NA,NA,11,NA,1,3,2,2,MTORG,SW,11,Full
2023,128,0,8/3/2023,NA,NA,NA,NA,NA,NA,NA,23,NA,4,7,12,6,MTORG,SW,11,Full
2023,128,12.5,8/3/2023,NA,NA,NA,NA,NA,NA,NA,26,NA,2,2,6,5,MTORG,SW,11,Full
2023,128,25,8/3/2023,NA,NA,NA,NA,NA,NA,NA,8,NA,5,5,5,7,MTORG,SW,11,Full
2023,129,0,8/3/2023,NA,NA,NA,NA,NA,NA,NA,21,NA,6,8,7,6,MTORG,SW,11,Full
2023,129,12.5,8/3/2023,NA,NA,NA,NA,NA,NA,NA,31,NA,4,4,6,5,MTORG,SW,11,Full
2023,129,25,8/3/2023,NA,NA,NA,NA,NA,NA,NA,24,NA,5,4,5,5,MTORG,SW,11,Full
2023,130,0,8/3/2023,NA,NA,NA,NA,NA,NA,NA,12,NA,6,6,6,6,MTORG,SW,12,Moderate
2023,130,12.5,8/3/2023,NA,NA,NA,NA,NA,NA,NA,6,NA,5,6,5,6,MTORG,SW,12,Moderate
2023,130,25,8/3/2023,NA,NA,NA,NA,NA,NA,NA,30,NA,4,2,7,3,MTORG,SW,12,Moderate
2023,131,0,8/3/2023,NA,NA,NA,NA,NA,NA,NA,0,NA,4,5,5,5,MTORG,SW,12,Moderate
2023,131,12.5,8/3/2023,NA,NA,NA,NA,NA,NA,NA,12,NA,5,6,4,4,MTORG,SW,12,Moderate
2023,131,25,8/3/2023,NA,NA,NA,NA,NA,NA,NA,25,NA,6,7,6,8,MTORG,SW,12,Moderate
2023,132,0,8/3/2023,NA,NA,NA,NA,NA,NA,NA,59,NA,6,6,6,5,MTORG,SW,12,Moderate
2023,132,12.5,8/3/2023,NA,NA,NA,NA,NA,NA,NA,37,NA,6,5,6,6,MTORG,SW,12,Moderate
2023,132,25,8/3/2023,NA,NA,NA,NA,NA,NA,NA,47,NA,3,3,3,4,MTORG,SW,12,Moderate
2023,133,0,8/3/2023,NA,NA,NA,NA,NA,NA,NA,13,NA,5,6,7,4,MTORG,NW,13,Rest
2023,133,12.5,8/3/2023,NA,NA,NA,NA,NA,NA,NA,19,NA,4,5,7,5,MTORG,NW,13,Rest
2023,133,25,8/3/2023,NA,NA,NA,NA,NA,NA,NA,12,NA,6,5,5,4,MTORG,NW,13,Rest
2023,134,0,8/3/2023,NA,NA,NA,NA,NA,NA,NA,25,NA,5,10,12,5,MTORG,NW,13,Rest
2023,134,12.5,8/3/2023,NA,NA,NA,NA,NA,NA,NA,0,NA,4,12,8,6,MTORG,NW,13,Rest
2023,134,25,8/3/2023,NA,NA,NA,NA,NA,NA,NA,0,NA,5,5,6,3,MTORG,NW,13,Rest
2023,135,0,8/3/2023,NA,NA,NA,NA,NA,NA,NA,8,NA,5,4,5,3,MTORG,NW,13,Rest
2023,135,12.5,8/3/2023,NA,NA,NA,NA,NA,NA,NA,57,NA,6,5,4,4,MTORG,NW,13,Rest
2023,135,25,8/3/2023,NA,NA,NA,NA,NA,NA,NA,32,NA,6,5,4,4,MTORG,NW,13,Rest
2023,136,0,8/3/2023,NA,NA,NA,NA,NA,NA,NA,0,NA,3,3,2,2,MTORG,NW,14,Heavy
2023,136,12.5,8/3/2023,NA,NA,NA,NA,NA,NA,NA,26,NA,8,7,4,5,MTORG,NW,14,Heavy
2023,136,25,8/3/2023,NA,NA,NA,NA,NA,NA,NA,18,NA,6,7,4,6,MTORG,NW,14,Heavy
2023,137,0,8/3/2023,NA,NA,NA,NA,NA,NA,NA,36,NA,7,7,6,3,MTORG,NW,14,Heavy
2023,137,12.5,8/3/2023,NA,NA,NA,NA,NA,NA,NA,26,NA,5,7,5,5,MTORG,NW,14,Heavy
2023,137,25,8/3/2023,NA,NA,NA,NA,NA,NA,NA,39,NA,6,3,4,5,MTORG,NW,14,Heavy
2023,138,0,8/3/2023,NA,NA,NA,NA,NA,NA,NA,30,NA,7,6,4,6,MTORG,NW,14,Heavy
2023,138,12.5,8/3/2023,NA,NA,NA,NA,NA,NA,NA,22,NA,5,5,6,5,MTORG,NW,14,Heavy
2023,138,25,8/3/2023,NA,NA,NA,NA,NA,NA,NA,24,NA,6,6,6,5,MTORG,NW,14,Heavy
2023,139,0,8/3/2023,NA,NA,NA,NA,NA,NA,NA,37,NA,7,5,4,4,MTORG,NW,15,Full
2023,139,12.5,8/3/2023,NA,NA,NA,NA,NA,NA,NA,32,NA,7,3,4,3,MTORG,NW,15,Full
2023,139,25,8/3/2023,NA,NA,NA,NA,NA,NA,NA,21,NA,4,5,5,5,MTORG,NW,15,Full
2023,140,0,8/3/2023,NA,NA,NA,NA,NA,NA,NA,38,NA,5,4,4,3,MTORG,NW,15,Full
2023,140,12.5,8/3/2023,NA,NA,NA,NA,NA,NA,NA,62,NA,4,3,4,5,MTORG,NW,15,Full
2023,140,25,8/3/2023,NA,NA,NA,NA,NA,NA,NA,17,NA,4,3,3,3,MTORG,NW,15,Full
2023,141,0,8/3/2023,NA,NA,NA,NA,NA,NA,NA,51,NA,4,4,3,4,MTORG,NW,15,Full
2023,141,12.5,8/3/2023,NA,NA,NA,NA,NA,NA,NA,42,NA,5,5,4,5,MTORG,NW,15,Full
2023,141,25,8/3/2023,NA,NA,NA,NA,NA,NA,NA,30,NA,3,6,3,3,MTORG,NW,15,Full
2023,142,0,8/3/2023,NA,NA,NA,NA,NA,NA,NA,80,NA,4,5,8,8,MTORG,NW,16,Moderate
2023,142,12.5,8/3/2023,NA,NA,NA,NA,NA,NA,NA,26,NA,3,4,4,4,MTORG,NW,16,Moderate
2023,142,25,8/3/2023,NA,NA,NA,NA,NA,NA,NA,74,NA,7,5,3,3,MTORG,NW,16,Moderate
2023,143,0,8/3/2023,NA,NA,NA,NA,NA,NA,NA,31,NA,3,4,4,3,MTORG,NW,16,Moderate
2023,143,12.5,8/3/2023,NA,NA,NA,NA,NA,NA,NA,6,NA,3,4,3,3,MTORG,NW,16,Moderate
2023,143,25,8/3/2023,NA,NA,NA,NA,NA,NA,NA,23,NA,4,5,4,3,MTORG,NW,16,Moderate
2023,144,0,8/3/2023,NA,NA,NA,NA,NA,NA,NA,24,NA,3,4,3,4,MTORG,NW,16,Moderate
2023,144,12.5,8/3/2023,NA,NA,NA,NA,NA,NA,NA,16,NA,5,7,5,5,MTORG,NW,16,Moderate
2023,144,25,8/3/2023,NA,NA,NA,NA,NA,NA,NA,36,NA,8,8,6,5,MTORG,NW,16,Moderate
